{"type":"FeatureCollection","features":[{"type":"Feature","geometry":{"type":"LineString","coordinates":[[-120.094,48.02],[-120.19200000000001,48.008],[-120.14499999999998,48.025],[-120.16300000000001,48.034],[-120.00900000000001,46.827],[-119.99200000000002,46.81],[-119.93799999999999,46.821],[-121.512,45.41],[-121.58499999999998,45.423],[-121.583,45.422],[-121.513,45.407],[-121.94900000000001,43.543],[-121.88400000000001,43.592],[-121.858,43.58],[-121.92599999999999,43.585],[-121.876,43.369],[-121.132,41.291],[-121.08499999999998,41.12],[-120.929,41.191],[-120.91,41.19],[-120.893,41.185],[-120.77199999999999,41.409],[-120.75900000000001,41.405],[-120.743,41.418],[-121.035,41.114],[-121.094,41.128],[-121.07499999999999,41.129],[-121.08499999999998,41.124],[-120.98599999999999,41.195],[-120.88999999999999,41.207],[-121.13900000000001,41.026],[-121.107,41.044],[-121.196,40.99],[-121.08100000000002,41.039],[-121.15300000000002,41.018],[-121.13400000000001,41.023],[-121.12200000000001,41.012],[-121.255,40.968],[-121.26499999999999,40.972],[-121.244,40.981],[-121.274,40.984],[-121.26400000000001,40.995],[-121.299,41.002],[-121.286,40.995],[-121.201,40.986],[-121.28800000000001,41.007],[-121.304,41.002],[-121.34,41.009],[-121.31700000000001,40.993],[-121.305,40.995],[-121.29500000000002,41.003],[-121.275,41.004],[-121.30099999999999,41.001],[-121.303,41.002],[-121.281,40.997],[-121.321,41.008],[-121.26499999999999,41.031],[-121.243,41.009],[-121.30000000000001,41.0],[-121.26499999999999,40.988],[-121.34699999999998,40.989],[-121.28199999999998,40.985],[-121.26600000000002,41.005],[-121.26600000000002,41.005]]},"properties":{"id":"21259b","sex":"m","lifeStage":"HY","site":"Chelan Ridge, WA","start":"2004-09-21 02:00:00.000","end":"2004-10-30 06:17:40.000","n":64,"sensor":"argos"}},{"type":"Feature","geometry":{"type":"Point","coordinates":[-120.094,48.02]},"properties":{"id":"21259b","kind":"start","t":"2004-09-21 02:00:00.000"}},{"type":"Feature","geometry":{"type":"Point","coordinates":[-121.26600000000002,41.005]},"properties":{"id":"21259b","kind":"end","t":"2004-10-30 06:17:40.000"}},{"type":"Feature","geometry":{"type":"LineString","coordinates":[[-114.27100000000002,40.424],[-114.161,40.394],[-114.268,40.325],[-114.398,40.243],[-114.28800000000001,40.257],[-114.56799999999998,39.311],[-114.32299999999998,39.845],[-114.214,39.845],[-114.19200000000001,39.813],[-114.15300000000002,39.283],[-114.30599999999998,38.88],[-116.561,38.689],[-116.594,38.679],[-116.667,38.782],[-116.922,38.6],[-116.995,38.643],[-116.99700000000001,38.663],[-117.017,38.767],[-116.94299999999998,38.668],[-117.662,38.98],[-117.62299999999999,39.014],[-117.18700000000001,39.117],[-117.287,39.147],[-117.26400000000001,39.156],[-117.02699999999999,39.374],[-117.07499999999999,39.375],[-117.18,39.386],[-117.131,39.415],[-117.084,39.44],[-116.85899999999998,39.732],[-116.844,39.73],[-116.864,39.717],[-116.85500000000002,39.711],[-116.582,39.899],[-116.79500000000002,39.673],[-117.00799999999998,39.694],[-117.012,39.684],[-116.99200000000002,39.643],[-117.01600000000002,39.69],[-117.22800000000001,39.445],[-117.237,39.438],[-117.245,39.474],[-117.23599999999999,39.474],[-117.26400000000001,39.492],[-117.15300000000002,39.508],[-117.162,39.52],[-117.149,39.538],[-117.15300000000002,39.546],[-117.27699999999999,39.359],[-117.255,39.387],[-117.29000000000002,39.382],[-117.285,39.387],[-117.22899999999998,39.401],[-117.28199999999998,39.382],[-117.23500000000001,39.403],[-117.149,39.35],[-117.16300000000001,39.345],[-117.174,39.387],[-117.076,39.39],[-117.31,39.283],[-117.30799999999999,39.282],[-117.309,39.282],[-117.30799999999999,39.41],[-117.267,39.407],[-117.22199999999998,39.383],[-117.249,39.397],[-117.239,39.344],[-117.4,39.247],[-117.26400000000001,39.38],[-117.26400000000001,39.385],[-117.24799999999999,39.387],[-117.26400000000001,39.386],[-117.21600000000001,39.389],[-117.233,39.399],[-117.232,39.392],[-117.26600000000002,39.245],[-117.226,39.309],[-117.22300000000001,39.305],[-117.263,39.374],[-117.24599999999998,39.415],[-117.25900000000001,39.412],[-117.16899999999998,39.312],[-117.18299999999999,39.303],[-117.12,39.407],[-117.15899999999999,39.423],[-117.25299999999999,39.426],[-117.243,39.429],[-117.251,39.428],[-117.26499999999999,39.431],[-117.261,39.425],[-117.23599999999999,39.432],[-117.25900000000001,39.413],[-117.25,39.411],[-117.13900000000001,39.356],[-117.21800000000002,39.374],[-117.106,39.424],[-117.11000000000001,39.418],[-117.12,39.428],[-117.25799999999998,39.407],[-117.232,39.429],[-117.22899999999998,39.415],[-117.245,39.421],[-117.214,39.41],[-117.28300000000002,39.419],[-117.388,39.411],[-117.394,39.407],[-117.219,39.411],[-117.214,39.409],[-117.34,39.37],[-117.203,39.407],[-117.054,39.586],[-117.219,39.412],[-117.214,39.411],[-117.708,39.39],[-117.23000000000002,39.397],[-117.24200000000002,39.414],[-117.209,39.409],[-117.34699999999998,39.399],[-117.35300000000001,39.439],[-117.33600000000001,39.494],[-117.374,39.42],[-117.27100000000002,39.381],[-117.28199999999998,39.382],[-117.25900000000001,39.385],[-117.07900000000001,39.417],[-117.07,39.419],[-117.118,39.408],[-117.499,39.756],[-117.524,39.766],[-117.14100000000002,39.809],[-117.23399999999998,39.532],[-117.25299999999999,39.579],[-117.18,39.428],[-117.215,39.709],[-117.22800000000001,39.7],[-117.226,39.704],[-117.201,39.692],[-117.219,39.703],[-117.11000000000001,39.661],[-117.13499999999999,39.658],[-117.106,39.657],[-117.26400000000001,39.369],[-117.22800000000001,39.4],[-117.107,39.244],[-117.132,39.182],[-117.208,39.409],[-117.18099999999998,39.396],[-117.215,39.344],[-117.34,39.326],[-117.28899999999999,39.32],[-117.239,39.358],[-117.191,39.364],[-117.238,39.361],[-117.406,39.424],[-117.37200000000001,39.418],[-117.269,39.388],[-117.28,39.386],[-117.244,39.369],[-117.304,39.396],[-117.27100000000002,39.459],[-117.22399999999999,39.462],[-117.233,39.468],[-117.12799999999999,39.681],[-116.928,39.713],[-116.87700000000001,39.675],[-116.881,39.68],[-116.87700000000001,39.673],[-115.994,40.371],[-115.149,40.677],[-115.131,40.682],[-115.148,40.658],[-115.18299999999999,40.682],[-115.178,40.649],[-115.16500000000002,40.631],[-115.143,40.631],[-115.08600000000001,40.733],[-115.16399999999999,40.662],[-115.184,40.658],[-115.131,40.656],[-115.20499999999998,40.761],[-115.22899999999998,40.755],[-115.02600000000001,41.292],[-115.09199999999998,41.323],[-115.33100000000002,41.765],[-115.338,41.766],[-115.33600000000001,41.784],[-115.15300000000002,41.845],[-115.16899999999998,41.826],[-115.15699999999998,41.875],[-115.45999999999998,41.863],[-115.24700000000001,41.997],[-117.09199999999998,44.701],[-116.24000000000001,45.32],[-113.55799999999999,43.685],[-113.58499999999998,43.687],[-113.787,43.527],[-113.814,43.533],[-114.935,41.527],[-114.96199999999999,41.526],[-114.92700000000002,41.532],[-114.89600000000002,41.598],[-114.90199999999999,41.604],[-114.90100000000001,41.595],[-114.875,41.582],[-114.88999999999999,41.589],[-114.97899999999998,41.592],[-114.875,41.616],[-114.87200000000001,41.629],[-114.91399999999999,41.619],[-114.911,41.621],[-114.87299999999999,41.594],[-114.90699999999998,41.6],[-114.92000000000002,41.59],[-114.904,41.602],[-114.608,41.673],[-114.608,41.673],[-114.803,41.6],[-114.84100000000001,41.573],[-114.82299999999998,41.584],[-114.85300000000001,41.575],[-115.36500000000001,41.777],[-114.96800000000002,41.727],[-114.95999999999998,41.733],[-114.79500000000002,41.672],[-114.862,41.664],[-114.838,41.63],[-114.834,41.623],[-115.34300000000002,41.783],[-115.31700000000001,41.919],[-114.85399999999998,41.636],[-114.84699999999998,41.639],[-114.87700000000001,41.642],[-114.82400000000001,41.683],[-114.83499999999998,41.683],[-114.793,41.665],[-114.84699999999998,41.71],[-114.78399999999999,41.717],[-114.83600000000001,41.884],[-114.84800000000001,41.73],[-114.66300000000001,41.687],[-114.709,41.955],[-114.59,41.94],[-114.636,41.91],[-114.60500000000002,41.968],[-114.60899999999998,41.94],[-114.62299999999999,42.102],[-114.524,42.125],[-114.53,42.152],[-114.251,42.308],[-114.19200000000001,42.332],[-114.227,42.328]]},"properties":{"id":"37300a","sex":"m","lifeStage":"HY","site":"Goshute Mountains, NV","start":"2002-10-13 10:18:00.000","end":"2003-09-26 05:26:03.000","n":251,"sensor":"argos"}},{"type":"Feature","geometry":{"type":"Point","coordinates":[-114.27100000000002,40.424]},"properties":{"id":"37300a","kind":"start","t":"2002-10-13 10:18:00.000"}},{"type":"Feature","geometry":{"type":"Point","coordinates":[-114.227,42.328]},"properties":{"id":"37300a","kind":"end","t":"2003-09-26 05:26:03.000"}},{"type":"Feature","geometry":{"type":"LineString","coordinates":[[-106.411,34.704],[-106.37900000000002,34.666],[-106.436,34.609],[-106.48000000000002,34.596],[-107.595,33.512],[-107.606,33.504],[-107.601,33.519],[-107.60399999999998,33.513],[-108.535,33.476],[-108.53,33.477],[-108.56200000000001,33.477],[-109.27800000000002,33.328],[-109.279,33.328],[-109.20499999999998,33.274],[-110.689,31.365],[-112.12799999999999,31.164],[-112.077,31.144],[-112.036,31.154],[-112.02199999999999,31.138],[-110.459,30.698],[-110.457,30.695],[-110.459,30.696],[-110.46600000000001,30.7],[-110.541,30.718],[-110.536,30.711],[-110.52800000000002,30.714],[-110.494,30.667],[-110.511,30.69],[-110.50200000000001,30.736],[-110.50799999999998,30.735],[-110.482,30.707],[-110.53300000000002,30.719],[-110.61000000000001,30.687],[-110.56299999999999,30.731],[-110.57,30.731],[-110.566,30.715],[-110.54500000000002,30.71],[-110.51999999999998,30.698],[-110.511,30.693],[-110.487,30.694],[-110.482,30.692],[-110.452,30.712],[-110.48000000000002,30.714],[-110.483,30.709],[-110.52699999999999,30.786],[-110.483,30.71],[-110.52600000000001,30.685],[-110.46600000000001,30.7],[-110.549,30.674],[-110.5,30.678],[-110.26600000000002,30.339],[-110.243,30.354],[-110.28300000000002,30.329],[-110.29599999999999,30.379],[-110.29599999999999,30.367],[-110.28199999999998,30.374],[-110.29399999999998,30.388],[-110.275,30.367],[-110.293,30.365],[-110.37200000000001,30.385],[-110.42599999999999,30.641],[-110.48399999999998,30.702],[-110.52800000000002,30.669],[-110.48599999999999,30.689],[-110.25999999999999,30.334],[-110.25999999999999,30.329],[-110.27199999999999,30.33],[-110.25400000000002,30.352],[-110.263,30.342],[-110.275,30.341],[-110.291,30.346],[-110.328,30.347],[-108.298,27.576],[-108.369,27.608],[-108.56700000000001,28.248],[-108.44999999999999,28.345],[-109.73399999999998,29.142],[-109.668,29.167],[-109.65,29.164],[-109.661,29.152],[-109.65300000000002,28.788],[-109.65800000000002,28.787],[-109.875,28.744],[-109.719,28.723],[-109.827,28.705],[-109.838,28.682],[-109.882,28.708],[-109.731,28.789],[-109.701,28.795],[-109.72199999999998,28.96],[-109.75400000000002,28.962],[-109.75900000000001,28.943],[-109.79000000000002,28.947],[-109.63299999999998,28.956],[-109.59800000000001,28.915],[-109.57299999999998,28.324],[-109.612,28.352],[-109.52600000000001,28.334],[-109.58699999999999,28.321],[-109.61000000000001,28.323],[-109.644,29.149],[-109.779,29.179],[-109.686,29.154],[-109.679,29.15],[-109.518,28.634],[-109.27800000000002,28.223],[-109.11099999999999,28.213],[-109.13299999999998,28.178],[-109.101,28.212],[-109.11599999999999,28.226],[-109.22300000000001,28.247],[-109.322,28.256],[-109.21199999999999,28.31],[-109.17700000000002,28.254],[-109.28899999999999,28.207],[-109.24200000000002,28.342],[-109.21600000000001,28.352],[-109.25299999999999,28.348],[-109.232,28.355],[-109.30599999999998,28.188],[-109.29000000000002,28.193],[-109.261,28.203],[-109.316,28.208],[-109.25799999999998,28.192],[-109.26400000000001,28.19],[-109.245,28.159],[-109.249,28.166],[-109.249,28.136],[-109.22800000000001,28.154],[-109.226,28.155],[-109.219,28.156],[-109.225,28.184],[-109.37299999999999,28.15],[-109.161,28.163],[-109.17500000000001,28.133],[-109.191,28.141],[-109.156,28.14],[-109.179,28.189],[-109.179,28.17],[-109.334,28.052],[-109.207,28.072],[-109.23500000000001,28.071],[-108.844,28.339],[-108.816,28.323],[-108.84899999999999,28.338],[-109.12700000000001,28.153],[-109.208,28.175],[-109.251,28.107],[-109.15699999999998,28.094],[-109.112,28.193],[-109.11700000000002,28.191],[-109.20499999999998,28.251],[-109.249,28.25],[-109.06700000000001,28.26],[-108.987,28.222],[-108.97899999999998,28.242],[-109.15300000000002,28.216],[-109.25200000000001,28.256],[-109.40899999999999,28.105],[-109.39600000000002,28.107],[-109.375,28.12],[-109.392,28.108],[-109.292,28.099],[-109.31,28.099],[-109.136,28.301],[-109.13499999999999,28.3],[-109.126,28.302],[-109.10399999999998,28.293],[-109.077,28.258],[-109.155,28.297],[-109.207,28.236],[-109.13499999999999,28.254],[-109.219,28.177],[-109.178,28.18],[-109.18700000000001,28.182],[-109.33600000000001,28.049],[-109.25999999999999,28.042],[-109.23500000000001,28.062],[-109.30200000000002,28.283],[-109.26499999999999,28.277],[-108.124,28.881],[-108.21100000000001,28.832],[-109.13499999999999,28.276],[-109.12299999999999,28.267],[-109.125,28.274],[-109.17099999999999,28.267],[-109.208,28.276],[-109.23399999999998,28.184],[-109.28399999999999,28.152],[-109.297,28.142],[-109.31200000000001,28.14],[-109.344,28.664],[-109.36599999999999,28.663],[-109.29399999999998,28.877],[-109.267,28.873],[-109.285,28.862],[-109.20499999999998,28.18],[-109.15800000000002,28.133],[-109.34899999999999,28.411],[-109.34800000000001,28.411],[-109.34199999999998,28.414],[-109.338,28.408],[-109.39600000000002,28.543],[-109.38,28.538],[-109.42000000000002,28.546],[-109.22199999999998,28.344],[-109.55000000000001,28.211],[-109.59800000000001,28.202],[-109.56799999999998,28.209],[-109.56900000000002,28.211],[-109.607,28.143],[-109.54500000000002,28.114],[-109.71699999999998,27.91],[-109.689,27.921],[-110.24599999999998,27.842],[-110.25799999999998,27.838],[-110.077,28.022],[-109.977,27.985],[-110.019,28.245],[-110.05099999999999,28.256],[-110.251,28.579],[-110.315,28.528],[-110.845,28.604],[-110.404,29.858],[-110.298,29.814],[-110.31700000000001,29.825],[-110.376,29.83],[-112.542,32.293],[-112.50999999999999,32.281],[-112.5,32.299],[-112.81200000000001,35.526],[-112.66500000000002,35.589],[-112.66,35.591],[-112.655,35.591],[-112.66,35.591],[-112.65300000000002,35.592],[-112.62099999999998,35.598],[-112.62900000000002,35.601],[-112.643,35.602],[-112.63,35.596],[-112.52800000000002,35.578],[-112.215,38.108],[-112.201,38.11],[-112.207,38.132],[-112.215,38.126],[-112.185,38.149],[-112.185,38.143],[-112.195,38.145],[-112.18700000000001,38.123],[-112.186,38.148],[-112.13400000000001,38.189]]},"properties":{"id":"26353c","sex":"m","lifeStage":"HY","site":"Manzano Mountains, NM","start":"2003-10-03 05:59:00.000","end":"2004-05-24 06:34:32.000","n":251,"sensor":"argos"}},{"type":"Feature","geometry":{"type":"Point","coordinates":[-106.411,34.704]},"properties":{"id":"26353c","kind":"start","t":"2003-10-03 05:59:00.000"}},{"type":"Feature","geometry":{"type":"Point","coordinates":[-112.13400000000001,38.189]},"properties":{"id":"26353c","kind":"end","t":"2004-05-24 06:34:32.000"}},{"type":"Feature","geometry":{"type":"LineString","coordinates":[[-106.411,34.704],[-106.36099999999999,34.713],[-108.43,37.835],[-108.388,37.814],[-108.62299999999999,44.344],[-108.66,38.159],[-108.56799999999998,38.141],[-108.62900000000002,38.142],[-108.662,38.171],[-108.41899999999998,38.209],[-108.511,38.18],[-108.686,38.1],[-108.537,38.195],[-108.66899999999998,38.174],[-108.64699999999999,38.136],[-108.668,38.159],[-108.65,38.164],[-108.054,37.81],[-108.65800000000002,38.224],[-108.64499999999998,38.158],[-109.24000000000001,38.066],[-109.19900000000001,38.125],[-109.23500000000001,38.047],[-109.237,38.045],[-109.257,38.026],[-108.93,38.17],[-108.649,38.154],[-108.667,38.16],[-108.684,38.137],[-108.75299999999999,38.159],[-108.565,38.212],[-108.471,37.889],[-108.566,37.827],[-108.595,37.788],[-108.57,37.815],[-108.576,37.816],[-108.65699999999998,38.199],[-108.624,38.14],[-108.619,38.129],[-108.582,37.976],[-108.537,37.903],[-108.55599999999998,37.995],[-108.626,38.141],[-108.582,38.156],[-108.69400000000002,38.202],[-108.666,38.168],[-108.59100000000001,38.134],[-108.44299999999998,37.871],[-108.83100000000002,37.216],[-109.03800000000001,37.31],[-108.84199999999998,37.269],[-108.87200000000001,37.229],[-108.91399999999999,37.2],[-108.89600000000002,37.193],[-108.471,37.863],[-108.44,37.868],[-108.476,37.888],[-108.631,38.157],[-108.618,38.142],[-108.537,37.963],[-108.572,37.893],[-108.65,37.844],[-109.14100000000002,38.25],[-109.15,38.259],[-108.68099999999998,38.0],[-108.606,38.172],[-108.619,38.155],[-108.594,38.165],[-108.477,37.853],[-108.43799999999999,37.881],[-108.56,37.833],[-108.9,37.268],[-108.64699999999999,37.658],[-108.66899999999998,37.66],[-108.436,37.836],[-108.71199999999999,37.939],[-108.667,37.967],[-108.64600000000002,37.966],[-108.66899999999998,37.641],[-108.71600000000001,37.625],[-108.75400000000002,38.016],[-108.713,38.021],[-108.352,38.88],[-108.28,38.815],[-108.25799999999998,38.827],[-108.25,38.843],[-108.24700000000001,38.852],[-109.16500000000002,38.49],[-108.29000000000002,38.918],[-108.25400000000002,38.792],[-108.393,37.869],[-108.57999999999998,37.823],[-108.53,38.073],[-108.52800000000002,38.073],[-108.547,38.027],[-108.519,38.031],[-108.429,37.946],[-108.42700000000002,37.954],[-108.507,38.03],[-108.49799999999999,38.008],[-108.49099999999999,37.96],[-108.868,37.241],[-108.838,37.18],[-109.019,37.252],[-108.957,37.233],[-108.88900000000001,37.109],[-108.893,37.236],[-108.96800000000002,37.119],[-108.88999999999999,37.237],[-108.87,37.237],[-108.92599999999999,37.248],[-108.96800000000002,37.224],[-108.839,37.225],[-108.54399999999998,37.992],[-108.96699999999998,37.153],[-108.21199999999999,38.837],[-108.72,38.004],[-108.887,37.178],[-109.19200000000001,38.088],[-109.017,37.142],[-108.91300000000001,37.186],[-108.95400000000001,37.234],[-108.822,37.116],[-108.899,37.165],[-108.83699999999999,37.243],[-108.83100000000002,37.146],[-108.88900000000001,37.222],[-108.90100000000001,37.221],[-109.03300000000002,37.142],[-108.76400000000001,37.145],[-108.82900000000001,37.154],[-108.845,37.238],[-108.62700000000001,37.932],[-108.644,37.932],[-108.78800000000001,37.99],[-108.68099999999998,37.98],[-108.464,38.022],[-108.451,37.951],[-108.46699999999998,37.924],[-108.46600000000001,37.937],[-108.553,37.968],[-108.537,38.002],[-108.5,37.993],[-108.453,37.885],[-108.495,37.958],[-108.49599999999998,38.011],[-108.446,37.955],[-108.416,37.961],[-108.489,37.966],[-108.34899999999999,38.012],[-108.495,37.994],[-108.399,37.95],[-108.48599999999999,37.924],[-108.49200000000002,38.011],[-108.513,37.956],[-108.77600000000001,38.012],[-108.54599999999999,37.941],[-108.63900000000001,38.023],[-108.582,38.02],[-108.576,37.996],[-108.583,38.086],[-108.668,37.963],[-108.584,38.014],[-108.588,38.025],[-108.59699999999998,38.036],[-108.56700000000001,38.033],[-108.58100000000002,38.032],[-108.40800000000002,38.004],[-108.571,38.043],[-108.584,38.084],[-108.44999999999999,38.0],[-108.33699999999999,38.088],[-108.40800000000002,38.113],[-108.44400000000002,38.102],[-108.417,38.083],[-108.41399999999999,38.07],[-108.393,38.104],[-108.38299999999998,38.053],[-108.33600000000001,38.152],[-108.386,38.119],[-108.535,37.992],[-108.46100000000001,37.999],[-108.57,38.0],[-108.53800000000001,37.936],[-108.52199999999999,37.979],[-108.52100000000002,37.973],[-108.57900000000001,38.086],[-108.57499999999999,38.079],[-108.59199999999998,38.087],[-108.46800000000002,37.931],[-108.39100000000002,37.93],[-108.37299999999999,37.915],[-108.53,37.913],[-108.406,37.941],[-108.917,37.206],[-108.892,37.235],[-108.97300000000001,37.293],[-108.84699999999998,37.252],[-108.84,37.188],[-108.826,37.223],[-108.85,37.218],[-109.013,37.252],[-108.96100000000001,37.273],[-108.97199999999998,37.267],[-108.987,37.292],[-108.92000000000002,37.27],[-109.001,37.276],[-109.08699999999999,37.245],[-108.809,37.233],[-108.85500000000002,37.094],[-109.066,37.188],[-108.995,37.178],[-108.965,37.137],[-108.76499999999999,37.103],[-108.834,37.18],[-108.993,37.115],[-108.929,37.119],[-108.882,37.148],[-108.912,37.156],[-108.95499999999998,37.117],[-108.56200000000001,37.816],[-108.76600000000002,38.074],[-108.721,38.043],[-108.48599999999999,38.016],[-108.708,37.687],[-108.72300000000001,37.678],[-108.65800000000002,37.675],[-109.232,37.109],[-109.15800000000002,37.121],[-109.01600000000002,37.268],[-108.93799999999999,37.099],[-108.923,37.082],[-108.976,37.132],[-108.94799999999998,37.1],[-108.768,37.244],[-108.888,37.235],[-108.916,37.229],[-108.89600000000002,37.113],[-108.95400000000001,37.226],[-108.91,37.24],[-108.809,37.238],[-108.84199999999998,37.238],[-108.99000000000001,37.103],[-108.99700000000001,37.11],[-108.838,37.24],[-108.833,37.129],[-108.958,37.128],[-108.99000000000001,37.125],[-108.893,37.125],[-108.936,37.121],[-108.987,37.129]]},"properties":{"id":"11515a","sex":"f","lifeStage":"HY","site":"Manzano Mountains, NM","start":"2005-10-12 11:40:00.000","end":"2008-09-02 13:34:27.000","n":251,"sensor":"argos"}},{"type":"Feature","geometry":{"type":"Point","coordinates":[-106.411,34.704]},"properties":{"id":"11515a","kind":"start","t":"2005-10-12 11:40:00.000"}},{"type":"Feature","geometry":{"type":"Point","coordinates":[-108.987,37.129]},"properties":{"id":"11515a","kind":"end","t":"2008-09-02 13:34:27.000"}},{"type":"Feature","geometry":{"type":"LineString","coordinates":[[-114.27100000000002,40.424],[-113.23500000000001,39.414],[-113.174,39.415],[-112.45999999999998,39.053],[-112.536,39.052],[-112.57299999999998,39.034],[-112.511,39.042],[-112.52100000000002,38.537],[-112.483,38.548],[-112.447,38.556],[-112.501,38.544],[-112.68700000000001,38.108],[-112.768,38.112],[-112.88299999999998,38.157],[-112.721,38.099],[-112.785,38.119],[-112.773,38.142],[-112.838,38.155],[-112.517,37.727],[-112.44799999999998,37.778],[-112.40100000000001,37.888],[-112.65,37.848],[-112.672,37.845],[-112.70499999999998,37.821],[-112.916,38.073],[-112.862,38.094],[-112.71600000000001,38.124],[-112.792,38.144],[-112.814,38.146],[-112.69799999999998,38.121],[-112.76600000000002,38.121],[-112.81200000000001,38.119],[-112.79399999999998,38.123],[-112.84,38.171],[-112.64600000000002,38.031],[-112.63299999999998,38.038],[-112.85399999999998,38.105],[-112.80599999999998,38.096],[-112.81700000000001,38.098],[-112.82299999999998,38.099],[-112.832,38.132],[-112.845,38.131],[-112.893,38.122],[-112.77800000000002,38.118],[-112.06299999999999,38.266],[-112.01600000000002,38.235],[-111.88499999999999,38.092],[-111.83100000000002,38.121],[-111.869,38.111],[-111.882,38.107],[-111.75400000000002,38.142],[-111.81200000000001,38.116],[-111.92099999999999,38.132],[-111.649,38.347],[-111.56799999999998,38.322],[-111.69400000000002,38.378],[-111.576,38.314],[-111.668,38.291],[-111.73500000000001,38.216],[-111.82299999999998,38.208],[-111.69799999999998,38.226],[-111.892,38.167],[-111.767,38.224],[-111.80000000000001,38.22],[-111.82499999999999,38.219],[-111.768,38.231],[-111.81299999999999,38.218],[-111.92700000000002,38.256],[-111.84699999999998,38.222],[-111.91300000000001,38.245],[-111.951,38.261],[-111.91300000000001,38.299],[-111.994,38.315],[-111.94799999999998,38.294],[-111.93799999999999,38.314],[-111.89100000000002,38.242],[-111.892,38.246],[-111.922,38.24],[-111.97399999999999,38.226],[-111.92700000000002,38.233],[-112.084,38.333],[-112.03399999999999,38.402],[-112.096,38.418],[-112.09699999999998,38.412],[-112.054,38.331],[-112.173,38.408],[-112.088,38.47],[-112.287,38.436],[-112.07499999999999,38.479],[-112.09800000000001,38.482],[-112.10500000000002,38.486],[-112.15300000000002,38.479],[-112.328,38.441],[-112.12099999999998,38.49],[-112.082,38.472],[-112.137,38.464],[-112.04399999999998,38.459],[-112.03399999999999,38.48],[-112.071,38.558],[-111.94999999999999,38.518],[-111.923,38.549],[-111.94,38.546],[-111.97199999999998,38.538],[-111.92099999999999,38.549],[-111.999,38.535],[-111.894,38.523],[-111.982,38.539],[-111.96199999999999,38.496],[-111.93200000000002,38.552],[-111.80000000000001,38.512],[-111.97300000000001,38.563],[-111.93299999999999,38.548],[-111.97399999999999,38.548],[-111.923,38.533],[-111.852,38.524],[-111.81700000000001,38.449],[-111.89100000000002,38.602],[-111.9,38.624],[-112.071,38.57],[-111.90300000000002,38.6],[-111.701,38.737],[-111.881,38.6],[-111.86500000000001,38.727],[-111.68299999999999,38.745],[-111.72899999999998,38.727],[-111.714,38.723],[-111.737,38.745],[-111.80099999999999,38.746],[-111.827,38.734],[-111.91500000000002,38.819],[-111.92599999999999,38.835],[-111.99000000000001,38.801],[-111.87900000000002,38.814],[-111.90899999999999,38.794],[-111.92599999999999,38.788],[-111.917,38.812],[-111.85399999999998,38.725],[-111.44400000000002,38.638],[-111.482,38.648],[-111.41899999999998,38.6],[-111.98399999999998,38.434],[-111.827,38.455],[-111.857,38.454],[-111.876,38.444],[-111.84300000000002,38.465],[-111.81200000000001,38.463],[-111.74799999999999,38.456],[-111.79399999999998,38.46],[-111.832,38.455],[-111.86599999999999,38.447],[-111.719,38.481],[-111.792,38.476],[-111.84100000000001,38.486],[-111.816,38.487],[-111.82999999999998,38.469],[-111.82999999999998,38.341],[-111.827,38.336],[-111.672,38.379],[-111.75,38.465],[-111.77800000000002,38.535],[-111.726,38.5],[-111.834,38.512],[-111.667,38.477],[-111.43200000000002,38.638],[-111.53199999999998,38.636],[-111.52600000000001,38.608],[-111.52199999999999,38.643],[-111.58499999999998,38.635],[-111.44299999999998,38.588],[-111.412,38.61],[-111.451,38.592],[-111.40899999999999,38.581],[-111.50299999999999,38.594],[-111.375,38.618],[-111.47399999999999,38.609],[-111.40199999999999,38.539],[-111.543,38.593],[-111.45600000000002,38.602],[-111.59100000000001,38.608],[-112.126,38.474],[-112.05599999999998,38.474],[-112.11700000000002,38.466],[-112.06200000000001,38.457],[-111.738,38.425],[-111.737,38.427],[-111.73500000000001,38.427],[-111.755,38.437],[-111.856,38.46],[-112.00299999999999,38.225],[-112.01600000000002,38.236],[-111.98000000000002,38.223],[-111.857,38.469],[-111.844,38.576],[-111.76999999999998,38.527],[-111.43700000000001,38.628],[-111.451,38.626],[-111.40300000000002,38.627],[-111.578,38.783],[-111.512,38.792],[-111.77199999999999,38.841],[-111.79500000000002,38.812],[-111.79399999999998,38.841],[-111.793,38.842],[-111.727,38.847],[-111.80200000000002,38.815],[-111.80700000000002,38.826],[-111.81,38.832],[-111.82,38.846],[-111.97199999999998,39.434],[-111.953,39.44],[-113.62299999999999,39.118],[-113.69299999999998,39.145],[-113.68799999999999,39.15],[-116.077,41.293],[-116.017,41.3],[-116.08699999999999,41.311],[-116.077,41.292],[-116.09899999999999,41.314],[-116.245,41.427],[-116.12700000000001,41.239],[-116.191,41.248],[-116.12200000000001,41.299],[-116.149,41.261],[-116.071,41.131],[-116.162,41.101],[-116.17700000000002,41.168],[-116.13299999999998,41.342],[-116.112,41.346],[-116.12099999999998,41.347],[-116.037,41.231],[-116.07999999999998,41.234],[-116.083,41.244],[-116.101,41.227],[-116.03399999999999,41.217],[-116.13,41.24],[-116.08499999999998,41.224],[-116.148,41.331],[-116.119,41.215],[-116.10899999999998,41.213],[-116.09100000000001,41.216],[-116.10399999999998,41.215],[-116.31,41.139],[-116.29500000000002,41.157],[-116.29599999999999,41.135],[-116.34300000000002,41.205],[-116.375,41.138],[-116.291,41.318],[-116.16899999999998,41.234],[-116.26999999999998,41.293],[-116.04000000000002,41.714],[-116.119,41.745]]},"properties":{"id":"26400a","sex":"m","lifeStage":"HY","site":"Goshute Mountains, NV","start":"1999-10-02 12:25:00.000","end":"2000-06-12 03:11:57.000","n":251,"sensor":"argos"}},{"type":"Feature","geometry":{"type":"Point","coordinates":[-114.27100000000002,40.424]},"properties":{"id":"26400a","kind":"start","t":"1999-10-02 12:25:00.000"}},{"type":"Feature","geometry":{"type":"Point","coordinates":[-116.119,41.745]},"properties":{"id":"26400a","kind":"end","t":"2000-06-12 03:11:57.000"}},{"type":"Feature","geometry":{"type":"LineString","coordinates":[[-106.411,34.704],[-106.43799999999999,34.699],[-106.428,34.651],[-106.43200000000002,34.708],[-106.44400000000002,34.701],[-106.3666,34.378],[-105.7048,34.4268],[-103.2001,32.9279],[-103.43299999999999,33.018],[-103.47399999999999,33.012],[-103.45600000000002,33.022],[-103.45799999999997,33.031],[-103.51099999999997,33.006],[-104.0246,33.0492],[-104.6029,32.3694],[-103.4923,32.7205],[-104.24799999999999,32.676],[-103.7146,32.8924],[-103.1163,32.9904],[-103.0989,32.8886],[-103.16500000000002,32.817],[-103.16200000000003,32.823],[-103.168,32.945],[-103.31299999999999,32.992],[-102.6271,31.8062],[-102.67000000000002,31.841],[-102.411,32.139],[-102.39800000000002,32.133],[-102.519,32.034],[-102.43,32.026],[-102.47899999999998,32.082],[-102.49900000000002,32.059],[-102.577,32.027],[-102.50299999999999,32.061],[-102.51400000000001,32.123],[-102.53199999999998,32.051],[-102.541,32.054],[-103.01099999999997,31.927],[-102.87,31.826],[-102.51300000000003,32.044],[-102.57400000000001,31.942],[-102.46199999999999,32.038],[-102.618,32.07],[-102.666,32.086],[-102.49400000000003,32.0],[-102.55899999999997,32.062],[-102.54899999999998,32.001],[-102.464,31.987],[-102.56600000000003,32.054],[-102.548,32.043],[-102.45999999999998,32.015],[-102.54899999999998,32.019],[-102.56900000000002,32.016],[-102.54700000000003,32.071],[-102.47500000000002,31.991],[-103.63900000000001,32.666],[-104.28899999999999,33.313],[-105.3545,36.2247],[-105.885,36.6436],[-106.137,35.912],[-105.495,35.332],[-104.86099999999999,34.663],[-105.05200000000002,34.676],[-105.648,36.273],[-105.62799999999999,36.79],[-105.83100000000002,36.824],[-106.376,37.327],[-106.02199999999999,38.214],[-106.19999999999999,38.93],[-106.286,38.845],[-106.858,39.714],[-106.939,40.042],[-107.333,41.871],[-107.338,42.387],[-107.46800000000002,42.477],[-107.37799999999999,42.49],[-107.356,42.442],[-107.291,43.104],[-107.439,43.203],[-107.56900000000002,43.304],[-107.606,43.392],[-107.6087,43.3788],[-107.9478,43.7914],[-108.6583,44.1006],[-109.0436,44.9595],[-109.8925,45.4563],[-109.1595,44.9751],[-107.8801,43.9756],[-107.9589,43.7956],[-109.1025,43.9698],[-109.26600000000002,43.969],[-108.9959,44.2365],[-108.7464,44.1973],[-108.81700000000001,44.201],[-108.67500000000001,44.207],[-108.749,44.161],[-108.7181,44.2],[-107.952,43.777],[-108.42700000000002,43.722],[-108.441,43.641],[-107.922,43.812],[-107.94200000000001,43.785],[-108.0704,43.8237],[-108.45600000000002,43.842],[-108.314,43.879],[-107.91500000000002,43.719],[-107.952,43.784],[-108.053,43.754],[-107.8605,43.8756],[-108.6437,43.8445],[-108.2488,43.9012],[-107.78800000000001,43.807],[-107.7019,43.8148],[-107.1073,44.3483],[-107.65800000000002,43.748],[-107.703,43.805],[-107.1879,44.1554],[-107.071,44.286],[-107.162,44.355],[-107.15,44.364],[-107.149,44.438],[-106.755,44.861],[-107.12099999999998,44.69],[-107.09199999999998,44.59],[-107.708,43.764],[-107.32400000000001,44.284],[-107.34699999999998,44.28],[-107.5412,43.9045],[-107.7183,43.8153],[-107.7305,43.838],[-107.71100000000001,43.816],[-107.732,43.742],[-107.661,43.818],[-107.74599999999998,43.796],[-107.76999999999998,43.822],[-107.73599999999999,43.796],[-107.2786,43.988],[-107.6196,43.7962],[-107.672,43.802],[-107.719,43.796],[-107.7442,43.825],[-107.74200000000002,43.824],[-107.74200000000002,43.825],[-107.74200000000002,43.824],[-107.7306,43.8256],[-107.4953,43.9052],[-107.4665,43.9238],[-107.511,43.84],[-107.15899999999999,44.25],[-107.124,44.243],[-107.119,44.241],[-107.7452,43.8181],[-107.7598,43.7979],[-107.8515,43.8621],[-107.85300000000001,43.857],[-107.86700000000002,43.859],[-107.85899999999998,43.866],[-107.805,43.813],[-107.6916,43.9451],[-107.6149,43.8934],[-107.8453,43.8125],[-107.15800000000002,44.259],[-107.172,44.277],[-107.138,44.2429],[-107.7571,43.9681],[-107.8634,43.8444],[-107.85500000000002,43.816],[-107.87900000000002,43.824],[-107.743,44.108],[-107.66500000000002,44.119],[-107.86599999999999,43.82],[-107.42599999999999,44.096],[-107.38499999999999,44.07],[-107.12700000000001,44.262],[-107.113,44.194],[-107.27100000000002,43.975],[-107.37700000000001,43.944],[-107.50200000000001,43.955],[-107.434,43.98],[-107.40800000000002,43.971],[-107.42599999999999,43.968],[-107.43299999999999,43.965],[-107.38499999999999,43.928],[-107.428,43.965],[-107.44299999999998,43.972],[-107.43799999999999,43.968],[-107.41500000000002,43.972],[-107.434,43.972],[-107.422,43.971],[-107.43700000000001,43.969],[-107.476,44.003],[-107.42599999999999,43.97],[-107.428,43.968],[-107.428,43.967],[-107.44,43.965],[-107.41899999999998,43.97],[-107.49700000000001,43.947],[-107.42500000000001,43.969],[-107.42700000000002,43.969],[-107.41300000000001,43.972],[-107.42099999999999,43.969],[-107.422,43.982],[-107.424,43.973],[-107.43,43.967],[-107.43,43.969],[-107.423,43.97],[-107.43299999999999,43.967],[-107.42599999999999,43.967],[-107.42700000000002,43.969],[-107.418,43.966],[-107.42500000000001,43.965],[-107.435,43.973],[-107.43200000000002,43.995],[-107.40800000000002,43.978],[-107.42500000000001,43.969],[-107.422,43.966],[-107.4263,43.9691],[-107.4263,43.9691],[-107.4262,43.9691],[-107.429,43.966],[-107.49099999999999,44.004],[-107.44299999999998,43.963],[-107.399,43.992],[-107.43099999999998,43.971],[-107.434,43.984],[-107.358,43.933],[-107.434,43.964],[-107.42599999999999,43.969],[-107.424,43.97],[-107.424,43.969],[-107.429,43.99],[-107.43,43.973],[-107.42500000000001,43.97],[-107.43299999999999,43.972],[-107.42599999999999,43.969],[-107.43099999999998,43.97],[-107.475,44.004],[-107.41399999999999,43.976],[-107.43200000000002,43.982],[-107.422,43.965],[-107.36500000000001,43.954],[-107.422,43.97],[-107.43,43.969],[-107.43099999999998,43.967],[-107.436,43.972],[-107.43099999999998,43.965],[-107.37700000000001,43.951],[-107.43,43.969],[-107.42700000000002,43.971],[-107.42599999999999,43.969],[-107.42700000000002,43.969]]},"properties":{"id":"71527a","sex":"m","lifeStage":"HY","site":"Manzano Mountains, NM","start":"2006-10-07 08:15:00.000","end":"2007-11-30 19:39:25.000","n":251,"sensor":"gps"}},{"type":"Feature","geometry":{"type":"Point","coordinates":[-106.411,34.704]},"properties":{"id":"71527a","kind":"start","t":"2006-10-07 08:15:00.000"}},{"type":"Feature","geometry":{"type":"Point","coordinates":[-107.42700000000002,43.969]},"properties":{"id":"71527a","kind":"end","t":"2007-11-30 19:39:25.000"}},{"type":"Feature","geometry":{"type":"LineString","coordinates":[[-114.27100000000002,40.424],[-114.32400000000001,40.563],[-114.30799999999999,40.554],[-114.36700000000002,39.804],[-114.505,39.859],[-114.47300000000001,39.901],[-114.482,39.837],[-114.46600000000001,39.831],[-114.536,39.631],[-114.54500000000002,39.627],[-114.49799999999999,39.859],[-114.49599999999998,39.856],[-114.47300000000001,39.856],[-114.507,39.864],[-114.34699999999998,39.765],[-114.298,39.734],[-114.27699999999999,39.738],[-114.29000000000002,39.747],[-114.30000000000001,39.806],[-114.30000000000001,39.72],[-114.096,39.668],[-114.202,39.688],[-114.21100000000001,39.703],[-114.12,39.634],[-114.126,39.63],[-113.64600000000002,39.192],[-113.632,39.196],[-113.691,39.172],[-113.63,39.183],[-113.969,39.457],[-113.941,39.468],[-113.97399999999999,39.458],[-113.911,39.469],[-113.94,39.464],[-113.928,39.478],[-113.924,39.479],[-113.92700000000002,39.484],[-113.94200000000001,39.485],[-113.976,39.54],[-113.934,39.502],[-113.93299999999999,39.481],[-112.975,39.6],[-112.959,39.587],[-112.96600000000001,39.659],[-112.951,39.642],[-112.42000000000002,39.038],[-112.47,39.064],[-112.44799999999998,39.058],[-112.446,39.054],[-112.452,39.066],[-112.439,39.067],[-112.463,39.064],[-112.362,39.243],[-112.358,39.251],[-112.34899999999999,39.248],[-112.376,39.241],[-112.548,39.084],[-112.45400000000001,39.081],[-112.44,39.081],[-112.447,39.08],[-112.446,39.081],[-112.249,38.941],[-112.243,38.938],[-112.33499999999998,39.081],[-112.311,39.074],[-112.464,39.068],[-112.381,39.147],[-112.327,39.065],[-112.33100000000002,39.07],[-112.35899999999998,39.056],[-112.37,39.024],[-112.33600000000001,39.061],[-112.344,39.05],[-112.35,39.066],[-112.356,39.053],[-112.35,39.046],[-112.358,39.075],[-112.363,39.056],[-112.32,39.065],[-112.291,39.059],[-112.394,39.085],[-112.332,39.071],[-112.213,39.031],[-112.418,39.03],[-112.32999999999998,39.069],[-112.30799999999999,39.063],[-112.344,39.078],[-112.32999999999998,39.069],[-112.32,39.075],[-112.338,39.069],[-112.37700000000001,38.992],[-112.332,39.067],[-112.35,39.06],[-112.345,39.049],[-112.33699999999999,39.054],[-112.34,39.05],[-112.31200000000001,39.076],[-112.34100000000001,39.079],[-112.269,39.056],[-112.34899999999999,39.076],[-112.33499999999998,39.071],[-112.26999999999998,39.009],[-112.35399999999998,39.076],[-112.392,39.008],[-112.44400000000002,38.968],[-112.40199999999999,39.009],[-112.37099999999998,39.015],[-112.406,39.01],[-112.412,39.002],[-112.39499999999998,39.001],[-112.39600000000002,38.998],[-112.43700000000001,38.981],[-112.34899999999999,38.987],[-112.406,39.001],[-112.463,39.085],[-112.44400000000002,39.064],[-112.424,39.052],[-112.501,39.084],[-112.464,39.076],[-112.44999999999999,39.07],[-112.44999999999999,39.068],[-112.32900000000001,39.057],[-112.38499999999999,39.07],[-112.38999999999999,39.078],[-112.369,39.074],[-112.334,39.038],[-112.31200000000001,39.052],[-112.31,39.094],[-112.40199999999999,39.071],[-112.38900000000001,39.08],[-112.392,39.078],[-112.387,39.077],[-112.381,39.088],[-112.435,39.07],[-112.369,39.084],[-112.37799999999999,39.056],[-112.39499999999998,39.001],[-112.43700000000001,39.015],[-112.39499999999998,39.011],[-112.374,38.986],[-112.39499999999998,39.004],[-112.394,39.002],[-112.4,39.023],[-112.42500000000001,39.1],[-112.398,39.071],[-112.382,39.101],[-112.399,39.09],[-112.37299999999999,39.074],[-112.30799999999999,39.063],[-112.38400000000001,39.091],[-112.399,39.065],[-112.399,39.083],[-112.38999999999999,39.08],[-112.40699999999998,39.111],[-112.37200000000001,39.082],[-112.40199999999999,39.075],[-112.38900000000001,39.079],[-112.38999999999999,39.074],[-112.36099999999999,39.078],[-112.43,39.074],[-112.42599999999999,39.019],[-112.274,38.986],[-112.368,39.085],[-112.346,39.059],[-112.332,39.053],[-112.31200000000001,39.053],[-112.388,39.076],[-112.394,39.077],[-112.38900000000001,39.078],[-112.37700000000001,39.084],[-112.37900000000002,39.072],[-112.38299999999998,39.09],[-112.44200000000001,39.068],[-112.375,39.072],[-112.387,39.071],[-112.417,39.088],[-112.376,39.073],[-112.48599999999999,39.045],[-112.39600000000002,39.079],[-112.398,39.076],[-112.37799999999999,39.079],[-112.36599999999999,39.095],[-112.392,39.048],[-112.36700000000002,39.077],[-112.369,39.069],[-112.364,39.068],[-112.374,39.072],[-112.37799999999999,39.067],[-112.30200000000002,39.16],[-112.32400000000001,39.153],[-112.30599999999998,39.064],[-112.31200000000001,39.057],[-112.299,39.047],[-112.428,39.098],[-112.42700000000002,39.104],[-112.29399999999998,39.12],[-112.41899999999998,39.121],[-112.434,39.144],[-112.457,39.063],[-112.42500000000001,39.09],[-112.435,39.08],[-112.375,39.118],[-112.38299999999998,39.104],[-112.411,39.089],[-112.38900000000001,39.112],[-112.394,39.118],[-112.38400000000001,39.092],[-112.39499999999998,39.108],[-112.37900000000002,39.109],[-112.374,39.086],[-112.382,39.097],[-112.38,39.116],[-112.40100000000001,39.111],[-112.393,39.107],[-112.405,39.11],[-112.40199999999999,39.113],[-112.399,39.116],[-112.38499999999999,39.115],[-112.40899999999999,39.119],[-112.471,39.048],[-112.405,39.112],[-112.418,39.112],[-112.41,39.092],[-112.446,39.148],[-112.39499999999998,39.099],[-112.42599999999999,39.078],[-112.388,39.084],[-112.41300000000001,39.079],[-112.417,39.084],[-112.42000000000002,38.999],[-112.41300000000001,38.96],[-112.418,38.997],[-112.416,38.997],[-112.424,39.002],[-112.30000000000001,38.945],[-112.30099999999999,38.944],[-112.35,38.92],[-112.299,38.948],[-112.21199999999999,38.946],[-112.332,39.062],[-112.33499999999998,39.051],[-112.328,39.05],[-112.326,39.063],[-112.339,39.044],[-112.316,39.051],[-112.332,39.051],[-112.31700000000001,39.06],[-112.32900000000001,39.068],[-112.32499999999999,39.056],[-112.32299999999998,39.056],[-112.314,39.062]]},"properties":{"id":"37306a","sex":"m","lifeStage":"HY","site":"Goshute Mountains, NV","start":"2006-10-12 06:47:00.000","end":"2007-03-17 13:08:11.000","n":251,"sensor":"argos"}},{"type":"Feature","geometry":{"type":"Point","coordinates":[-114.27100000000002,40.424]},"properties":{"id":"37306a","kind":"start","t":"2006-10-12 06:47:00.000"}},{"type":"Feature","geometry":{"type":"Point","coordinates":[-112.314,39.062]},"properties":{"id":"37306a","kind":"end","t":"2007-03-17 13:08:11.000"}},{"type":"Feature","geometry":{"type":"LineString","coordinates":[[-106.411,34.704],[-105.922,31.71],[-106.31700000000001,30.904],[-106.30099999999999,30.91],[-106.531,29.087],[-106.52600000000001,27.543],[-105.541,25.29],[-105.773,25.089],[-105.03800000000001,22.633],[-105.05599999999998,22.635],[-104.63299999999998,21.759],[-105.21800000000002,20.392],[-105.18099999999998,20.452],[-105.15899999999999,20.442],[-105.15199999999999,20.422],[-105.173,20.409],[-105.11599999999999,20.527],[-105.202,20.367],[-105.251,20.293],[-105.179,20.261],[-105.149,20.316],[-105.25999999999999,20.314],[-105.149,20.297],[-105.219,20.327],[-105.21699999999998,20.316],[-105.174,20.417],[-105.21699999999998,20.397],[-105.144,20.42],[-105.143,20.425],[-105.14499999999998,20.433],[-105.166,20.448],[-105.149,20.431],[-105.118,20.413],[-105.162,20.417],[-105.14699999999999,20.452],[-105.30799999999999,20.369],[-105.126,20.23],[-105.346,20.316],[-105.195,20.472],[-105.18,20.475],[-105.25,20.328],[-105.215,20.346],[-105.262,20.411],[-105.285,20.376],[-105.174,20.269],[-105.249,20.39],[-105.226,20.416],[-105.27100000000002,20.412],[-105.273,20.426],[-105.263,20.433],[-105.15699999999998,20.321],[-105.19299999999998,20.375],[-105.268,20.373],[-105.15699999999998,20.315],[-105.20600000000002,20.387],[-105.15300000000002,24.678],[-106.583,27.015],[-107.125,30.245],[-107.08499999999998,30.23],[-108.447,35.026],[-110.47399999999999,40.427],[-110.37299999999999,40.549],[-110.73500000000001,42.983],[-110.98500000000001,44.768],[-111.89699999999999,46.137],[-114.38900000000001,50.076],[-114.34800000000001,50.1],[-114.404,50.074],[-118.86000000000001,54.623],[-118.87099999999998,54.606],[-123.31900000000002,57.013],[-123.263,56.999],[-123.69400000000002,57.323],[-128.881,59.467],[-128.831,59.474],[-135.646,60.108],[-139.642,61.665],[-144.56,63.706],[-144.564,63.702],[-144.951,63.736],[-144.869,63.71],[-147.083,63.8],[-146.847,63.811],[-147.072,63.789],[-145.745,63.78],[-145.685,63.791],[-145.638,63.768],[-145.684,63.784],[-145.785,63.799],[-146.929,63.733],[-146.735,63.723],[-146.722,63.773],[-147.24,63.819],[-147.224,63.818],[-147.263,63.819],[-147.601,63.841],[-147.516,63.796],[-148.332,63.993],[-147.989,63.956],[-147.341,63.792],[-147.104,63.675],[-145.724,63.602],[-145.756,63.608],[-145.698,63.618],[-145.764,63.614],[-145.711,63.62],[-146.88,63.8],[-147.222,63.85],[-147.294,63.866],[-147.21,63.864],[-147.276,63.865],[-153.754,66.354],[-154.266,66.466],[-154.365,66.574],[-154.293,66.582],[-154.454,66.691],[-154.43,66.69],[-154.575,66.682],[-154.434,66.652],[-154.438,66.666],[-154.453,66.654],[-154.72,66.731],[-154.573,66.702],[-154.382,66.723],[-154.533,66.66],[-155.166,66.849],[-155.188,66.923],[-155.217,66.912],[-155.81,67.153],[-155.725,67.13],[-156.053,67.188],[-155.785,67.157],[-163.508,68.472],[-163.403,68.442],[-163.519,68.492],[-163.397,68.526],[-163.473,68.5],[-157.987,67.399],[-157.337,67.395],[-157.271,67.395],[-157.1,67.344],[-158.017,68.718],[-158.308,68.683],[-158.616,68.715],[-158.654,68.687],[-159.992,69.173],[-162.948,68.816],[-163.019,68.828],[-162.923,68.813],[-162.975,68.822],[-164.794,68.735],[-164.809,68.724],[-164.781,68.731],[-164.678,68.757],[-164.818,68.698],[-164.673,68.632],[-164.567,68.612],[-164.638,68.618],[-164.677,68.611],[-164.465,68.667],[-164.43,68.706],[-164.397,68.716],[-164.516,68.702],[-164.331,68.441],[-164.181,68.35],[-164.142,68.363],[-164.155,68.363],[-163.816,68.571],[-163.861,68.532],[-163.909,68.484],[-164.023,68.558],[-164.059,68.511],[-164.718,68.663],[-164.729,68.68],[-164.708,68.679],[-164.913,68.677],[-164.702,68.681],[-164.766,68.689],[-164.625,68.72],[-164.744,68.692],[-164.699,68.757],[-164.759,68.745],[-164.824,68.754],[-164.935,68.775],[-164.842,68.755],[-164.868,68.76],[-164.777,68.775],[-164.732,68.616],[-164.559,68.638],[-164.894,68.641],[-164.78,68.44],[-164.838,68.755],[-164.832,68.787],[-164.797,68.749],[-164.812,68.738],[-164.642,68.751],[-164.65,68.782],[-164.87,68.783],[-164.858,68.755],[-164.824,68.719],[-164.899,68.751],[-164.67,68.675],[-164.001,68.653],[-164.005,68.692],[-163.83,68.617],[-163.929,68.635],[-163.796,68.587],[-160.753,67.791],[-160.72,67.791],[-160.78,67.791],[-160.72,67.797],[-160.379,67.612],[-160.48,67.629],[-160.257,67.634],[-159.579,67.169],[-159.566,67.192],[-159.476,67.199],[-159.167,66.799],[-158.97,66.766],[-158.92,66.728],[-158.985,66.765],[-158.774,66.708],[-155.211,66.108],[-155.339,66.13],[-155.239,66.113],[-153.336,65.931],[-153.394,65.938],[-153.424,65.93],[-153.464,65.932],[-144.718,65.615],[-144.122,65.216],[-142.118,64.976],[-141.78,64.949],[-141.578,64.897],[-141.52,64.9],[-141.863,64.846],[-140.703,64.997],[-140.517,64.973],[-140.488,65.05],[-140.296,64.998],[-140.198,64.997],[-140.203,64.994],[-140.132,65.001],[-140.163,64.997],[-140.321,65.014],[-140.057,65.016],[-140.148,64.999],[-140.172,64.994],[-140.201,65.004],[-140.262,65.003],[-140.16,64.983]]},"properties":{"id":"37307a","sex":"f","lifeStage":"ATY","site":"Manzano Mountains, NM","start":"2003-10-06 04:45:00.000","end":"2004-10-30 19:53:15.000","n":251,"sensor":"argos"}},{"type":"Feature","geometry":{"type":"Point","coordinates":[-106.411,34.704]},"properties":{"id":"37307a","kind":"start","t":"2003-10-06 04:45:00.000"}},{"type":"Feature","geometry":{"type":"Point","coordinates":[-140.16,64.983]},"properties":{"id":"37307a","kind":"end","t":"2004-10-30 19:53:15.000"}},{"type":"Feature","geometry":{"type":"LineString","coordinates":[[-114.27100000000002,40.424],[-114.30200000000002,40.441],[-114.26600000000002,40.44],[-114.15,40.471],[-114.256,40.463],[-115.601,40.337],[-115.564,40.322],[-115.59100000000001,40.316],[-115.613,40.33],[-115.62200000000001,40.333],[-115.564,40.322],[-115.60399999999998,40.346],[-115.84,40.828],[-115.82,40.85],[-115.88900000000001,40.835],[-115.87900000000002,40.842],[-115.87200000000001,40.84],[-115.84899999999999,40.873],[-115.888,40.86],[-115.952,40.854],[-115.743,40.916],[-115.786,40.875],[-115.87200000000001,40.847],[-115.826,40.877],[-115.875,40.807],[-115.624,40.692],[-115.64100000000002,40.68],[-115.67599999999999,40.696],[-115.69799999999998,40.698],[-115.64600000000002,40.685],[-115.62900000000002,40.703],[-115.69299999999998,40.706],[-115.739,40.452],[-115.68299999999999,40.421],[-115.70499999999998,40.376],[-115.769,40.36],[-115.74599999999998,40.376],[-115.733,40.396],[-115.655,40.387],[-115.74000000000001,40.372],[-115.61599999999999,40.321],[-115.55700000000002,40.328],[-115.64100000000002,40.336],[-115.48599999999999,40.286],[-115.457,40.353],[-115.595,40.347],[-115.624,40.35],[-115.543,40.34],[-115.48500000000001,40.286],[-115.57900000000001,40.339],[-115.54599999999999,40.372],[-115.59300000000002,40.321],[-115.66300000000001,40.29],[-115.589,40.294],[-115.505,40.311],[-115.584,40.292],[-115.525,40.302],[-115.608,40.35],[-115.55700000000002,40.353],[-115.61099999999999,40.366],[-115.57,40.346],[-115.606,40.365],[-115.703,40.379],[-115.53199999999998,40.344],[-115.55099999999999,40.321],[-115.61000000000001,40.358],[-115.58600000000001,40.37],[-115.58699999999999,40.379],[-115.58699999999999,40.403],[-115.57999999999998,40.379],[-115.56200000000001,40.353],[-115.54599999999999,40.356],[-115.50900000000001,40.356],[-115.548,40.353],[-115.53,40.369],[-115.56299999999999,40.459],[-115.572,40.457],[-115.63900000000001,40.451],[-115.55200000000002,40.451],[-115.58600000000001,40.478],[-115.518,40.374],[-115.594,40.368],[-115.55700000000002,40.361],[-115.62299999999999,40.401],[-115.58100000000002,40.41],[-115.584,40.444],[-115.584,40.41],[-115.59699999999998,40.421],[-115.582,40.409],[-115.58100000000002,40.41],[-115.572,40.434],[-115.649,40.332],[-115.65100000000001,40.332],[-115.55599999999998,40.303],[-115.662,40.352],[-115.57900000000001,40.336],[-115.67599999999999,40.335],[-115.67099999999999,40.327],[-115.678,40.287],[-115.697,40.289],[-115.601,40.411],[-115.61000000000001,40.412],[-115.59699999999998,40.412],[-115.65800000000002,40.402],[-115.59800000000001,40.413],[-115.607,40.413],[-115.511,40.335],[-115.51499999999999,40.35],[-115.46100000000001,40.398],[-115.525,40.325],[-115.537,40.347],[-115.46100000000001,40.339],[-115.543,40.35],[-115.584,40.28],[-115.56799999999998,40.339],[-115.564,40.333],[-115.529,40.349],[-115.56,40.329],[-115.542,40.326],[-115.56200000000001,40.335],[-115.57,40.326],[-115.553,40.404],[-115.543,40.353],[-115.554,40.364],[-115.54500000000002,40.35],[-115.537,40.347],[-115.576,40.372],[-115.57299999999998,40.369],[-115.708,40.454],[-115.576,40.368],[-115.674,40.425],[-115.57,40.36],[-115.60300000000001,40.355],[-115.561,40.347],[-115.65100000000001,40.36],[-115.577,40.352],[-115.555,40.344]]},"properties":{"id":"20948a","sex":"m","lifeStage":"HY","site":"Goshute Mountains, NV","start":"2000-10-19 10:50:00.000","end":"2001-01-07 23:28:35.000","n":137,"sensor":"argos"}},{"type":"Feature","geometry":{"type":"Point","coordinates":[-114.27100000000002,40.424]},"properties":{"id":"20948a","kind":"start","t":"2000-10-19 10:50:00.000"}},{"type":"Feature","geometry":{"type":"Point","coordinates":[-115.555,40.344]},"properties":{"id":"20948a","kind":"end","t":"2001-01-07 23:28:35.000"}},{"type":"Feature","geometry":{"type":"LineString","coordinates":[[-114.27100000000002,40.424],[-113.31900000000002,38.526],[-113.32400000000001,38.524],[-112.53899999999999,38.709],[-112.53800000000001,38.67],[-112.26400000000001,38.678],[-112.33499999999998,38.613],[-110.763,37.604],[-110.76600000000002,37.611],[-110.76600000000002,37.593],[-110.44,37.089],[-108.27600000000001,37.42],[-108.274,37.43],[-108.298,37.426],[-108.292,37.409],[-108.28899999999999,37.409],[-107.874,37.368],[-106.95999999999998,37.406],[-106.93700000000001,37.369],[-106.119,36.942],[-106.24799999999999,36.963],[-106.249,36.957],[-106.19,36.93],[-106.11700000000002,36.932],[-106.08699999999999,36.929],[-106.166,36.937],[-106.262,36.951],[-106.262,36.961],[-105.695,36.609],[-104.214,35.546],[-102.815,35.493],[-102.72800000000001,35.188],[-101.90499999999997,35.777],[-101.87599999999998,35.784],[-101.88299999999998,35.782],[-101.904,35.745],[-101.91200000000003,35.751],[-101.85500000000002,35.772],[-101.815,35.837],[-101.82499999999999,35.935],[-101.221,35.717],[-101.207,35.726],[-101.20400000000001,35.727],[-100.15999999999997,35.154],[-100.06700000000001,34.875],[-100.07400000000001,34.846],[-99.98199999999997,34.957],[-100.65100000000001,33.248],[-100.69100000000003,33.244],[-100.584,33.338],[-100.54200000000003,33.334],[-100.78399999999999,33.286],[-100.85399999999998,33.132],[-100.48199999999997,33.718],[-100.42500000000001,33.739],[-100.48900000000003,33.732],[-100.47800000000001,33.458],[-100.44,33.437],[-100.481,33.439],[-100.53199999999998,33.454],[-100.5,33.466],[-100.49799999999999,33.47],[-100.52600000000001,33.462],[-100.77999999999997,32.95],[-100.82999999999998,32.99],[-100.71500000000003,32.935],[-100.839,33.107],[-100.62400000000002,33.415],[-100.45799999999997,33.554],[-100.55399999999997,33.714],[-100.452,33.642],[-100.48399999999998,33.727],[-100.507,33.737],[-100.46299999999997,33.731],[-100.79000000000002,33.834],[-100.71600000000001,33.854],[-100.63299999999998,33.657],[-100.618,33.951],[-100.5,33.579],[-100.46800000000002,33.589],[-100.53899999999999,33.819],[-100.57799999999997,33.812],[-99.98500000000001,34.375],[-100.84800000000001,33.825],[-100.798,33.835],[-100.822,33.835],[-100.68700000000001,33.857],[-101.26099999999997,33.264],[-101.20400000000001,33.467],[-101.16300000000001,34.436],[-101.118,34.444],[-100.85699999999997,35.115],[-102.173,35.598],[-103.142,36.046],[-103.28899999999999,36.042],[-103.27300000000002,36.041],[-101.22699999999998,37.971],[-103.95299999999997,38.918],[-103.91700000000003,38.91],[-103.90699999999998,38.902],[-106.52699999999999,40.286],[-106.54399999999998,40.3],[-108.251,41.718],[-108.26499999999999,41.717],[-108.136,42.161],[-108.791,42.433],[-110.37200000000001,42.839],[-110.285,42.953],[-112.231,44.269],[-122.30000000000001,48.416],[-122.446,48.652],[-122.32400000000001,48.653],[-122.202,49.446],[-122.22199999999998,49.455],[-124.555,52.799],[-124.56299999999999,52.783],[-128.1,54.446],[-128.044,54.457],[-131.182,55.624],[-131.52,56.015],[-131.526,56.002],[-132.418,56.353],[-133.888,56.987],[-133.949,57.05],[-133.939,57.054],[-135.08,57.049],[-135.042,57.08],[-135.561,57.56],[-135.579,57.567],[-135.423,61.336],[-134.361,61.634],[-133.862,61.565],[-135.577,67.246],[-135.594,67.24],[-135.55,67.237],[-135.453,67.262],[-135.59,67.238],[-135.602,67.238],[-135.537,67.066],[-135.506,67.078],[-135.377,67.043],[-135.503,67.07],[-132.406,67.878],[-132.515,67.906],[-132.376,67.878],[-131.564,68.095],[-131.609,68.512],[-131.429,68.781],[-131.845,68.668],[-131.643,68.717],[-137.1,68.54],[-137.211,68.505],[-137.182,68.489],[-137.169,68.494],[-137.013,68.519],[-130.757,64.808],[-130.689,64.816],[-130.749,64.825],[-132.427,68.823],[-132.351,68.833],[-132.223,68.815],[-132.302,68.829],[-132.307,68.829],[-132.24,68.832],[-132.398,68.827],[-132.505,68.815],[-132.383,68.825],[-134.076,68.59],[-133.995,68.597],[-134.008,68.607],[-134.018,68.605],[-135.074,68.337],[-134.943,68.312],[-134.974,68.331],[-134.999,68.326],[-134.988,68.319],[-128.746,66.06],[-129.805,66.257],[-130.577,66.471],[-130.39,66.484],[-131.326,66.652],[-131.397,66.798],[-131.329,66.771],[-130.6,66.186],[-130.579,66.173],[-130.826,66.16],[-130.579,66.192],[-130.674,66.189],[-131.68,65.457],[-131.684,65.451],[-131.722,65.447],[-131.743,65.446],[-131.669,65.448],[-131.728,65.439],[-131.621,65.432],[-131.684,65.43],[-131.718,65.447],[-131.693,65.475],[-131.702,65.453],[-131.696,65.452],[-131.637,65.464],[-131.666,65.415],[-131.632,65.438],[-131.745,65.469],[-131.629,65.444],[-131.75,65.459],[-131.834,65.428],[-131.68,65.456],[-131.718,65.447],[-131.696,65.455],[-131.747,65.445],[-131.663,65.443],[-131.651,65.443],[-131.689,65.438],[-131.558,65.418],[-131.729,65.473],[-131.676,65.447],[-131.718,65.448],[-131.72,65.433],[-131.716,65.453],[-131.645,65.463],[-131.642,65.459],[-131.74,65.456],[-131.741,65.457],[-131.724,65.449],[-131.585,65.475],[-131.735,65.445],[-131.722,65.457],[-131.742,65.446],[-131.658,65.457],[-131.779,65.441],[-131.593,65.429],[-131.759,65.461],[-131.713,65.453],[-131.73,65.45],[-131.585,65.473],[-131.643,65.462],[-131.356,65.515],[-131.728,65.457],[-131.756,65.46],[-132.136,65.377],[-131.479,65.409],[-131.669,65.441],[-131.739,65.446],[-131.662,65.456],[-131.723,65.444],[-131.751,65.445],[-131.854,65.422],[-131.657,65.461],[-131.668,65.457],[-131.646,65.466]]},"properties":{"id":"37434a","sex":"m","lifeStage":"HY","site":"Goshute Mountains, NV","start":"2002-10-25 10:05:00.000","end":"2003-11-22 06:13:38.000","n":251,"sensor":"argos"}},{"type":"Feature","geometry":{"type":"Point","coordinates":[-114.27100000000002,40.424]},"properties":{"id":"37434a","kind":"start","t":"2002-10-25 10:05:00.000"}},{"type":"Feature","geometry":{"type":"Point","coordinates":[-131.646,65.466]},"properties":{"id":"37434a","kind":"end","t":"2003-11-22 06:13:38.000"}},{"type":"Feature","geometry":{"type":"LineString","coordinates":[[-114.27100000000002,40.424],[-113.93200000000002,39.783],[-113.953,39.77],[-114.013,39.767],[-113.93200000000002,39.792],[-113.596,38.785],[-113.642,38.775],[-114.232,37.762],[-114.197,37.762],[-114.225,37.757],[-114.22300000000001,37.761],[-114.262,37.768],[-114.695,37.274],[-114.77199999999999,37.338],[-114.79399999999998,37.294],[-114.756,37.288],[-114.79599999999999,37.309],[-114.88900000000001,37.261],[-114.821,37.279],[-114.85300000000001,37.271],[-114.821,37.276],[-114.15699999999998,37.402],[-114.10500000000002,37.417],[-114.15100000000001,37.397],[-115.89100000000002,35.568],[-115.882,35.581],[-115.916,35.58],[-115.917,35.573],[-117.826,35.496],[-117.88299999999998,35.531],[-118.083,35.628],[-118.118,35.637],[-118.08100000000002,35.631],[-118.12700000000001,35.605],[-118.11599999999999,35.653],[-117.977,35.651],[-118.083,35.631],[-118.184,35.69],[-118.132,35.629],[-118.601,35.701],[-118.632,35.656],[-118.644,35.688],[-118.893,35.611],[-118.893,35.605],[-118.87299999999999,35.597],[-118.875,35.597],[-118.91500000000002,35.6],[-118.87,35.598],[-118.894,35.59],[-118.856,35.607],[-118.88,35.603],[-118.917,35.718],[-118.93,35.727],[-118.92700000000002,35.724],[-118.89499999999998,35.732],[-118.924,35.715],[-118.92700000000002,35.716],[-118.92500000000001,35.714],[-118.93,35.712],[-118.935,35.709],[-118.928,35.715],[-118.93200000000002,35.713],[-118.947,35.713],[-118.92500000000001,35.713],[-118.928,35.718],[-118.93200000000002,35.714],[-118.94799999999998,35.718],[-118.886,35.707],[-118.91,35.718],[-118.918,35.715],[-118.93200000000002,35.723],[-118.936,35.732],[-118.85399999999998,35.77],[-118.862,35.762],[-118.87700000000001,35.764],[-118.92700000000002,35.724],[-118.929,35.723],[-118.93099999999998,35.713],[-118.91899999999998,35.725],[-118.93099999999998,35.723],[-118.92700000000002,35.724],[-119.08699999999999,35.756],[-118.916,35.757],[-119.148,35.794],[-118.995,35.809],[-118.87900000000002,35.796],[-118.86099999999999,35.791],[-118.882,35.795],[-118.87900000000002,35.8],[-118.886,35.799],[-118.882,35.804],[-118.91399999999999,35.679],[-118.887,35.732],[-118.82499999999999,35.74],[-118.803,35.791],[-118.87200000000001,35.718],[-118.85399999999998,35.726],[-118.84100000000001,35.73],[-118.86099999999999,35.723],[-118.892,35.711],[-118.869,35.72],[-118.892,35.716],[-118.851,35.739],[-118.862,35.694],[-118.85399999999998,35.703],[-118.86099999999999,35.708],[-118.83499999999998,35.737],[-118.844,35.742],[-118.857,35.74],[-118.85399999999998,35.745],[-118.84100000000001,35.744],[-118.886,35.726],[-118.852,35.736],[-118.916,35.74],[-118.876,35.735],[-118.84100000000001,35.746],[-118.80700000000002,35.751],[-118.832,35.747],[-118.77800000000002,35.761],[-118.799,35.754],[-118.82299999999998,35.772],[-118.82400000000001,35.8],[-118.81,35.771],[-118.858,35.779],[-118.828,35.756],[-118.87099999999998,35.768],[-118.87200000000001,35.77],[-118.84300000000002,35.757],[-118.87700000000001,35.769],[-118.84800000000001,35.766],[-118.85500000000002,35.725],[-118.82900000000001,35.736],[-118.84100000000001,35.727],[-118.844,35.737],[-118.838,35.734],[-118.84899999999999,35.73],[-118.83499999999998,35.732],[-118.846,35.732],[-118.84800000000001,35.726],[-118.86099999999999,35.732],[-118.84199999999998,35.725],[-118.83699999999999,35.731],[-118.84699999999998,35.733],[-118.887,35.775],[-118.84,35.726],[-118.84699999999998,35.732],[-118.77600000000001,35.749],[-118.81200000000001,35.704],[-118.77600000000001,35.759],[-119.019,35.643],[-119.03,35.64],[-119.011,35.644],[-119.013,35.643],[-119.04000000000002,35.639],[-119.006,35.646],[-118.868,35.722],[-118.82400000000001,35.743],[-118.85500000000002,35.727],[-118.833,35.73],[-118.83499999999998,35.732],[-118.84100000000001,35.737],[-118.84100000000001,35.732],[-118.839,35.731],[-118.84800000000001,35.729],[-118.85300000000001,35.752],[-118.86599999999999,35.673],[-118.863,35.703],[-118.86700000000002,35.671],[-118.48000000000002,36.366],[-118.916,35.752],[-118.85300000000001,35.77],[-118.92500000000001,35.763],[-115.256,40.596],[-115.309,40.645],[-115.25,40.594],[-115.055,38.841],[-115.08600000000001,38.848]]},"properties":{"id":"26401a","sex":"m","lifeStage":"HY","site":"Goshute Mountains, NV","start":"1999-10-09 07:35:00.000","end":"2000-04-24 14:52:20.000","n":177,"sensor":"argos"}},{"type":"Feature","geometry":{"type":"Point","coordinates":[-114.27100000000002,40.424]},"properties":{"id":"26401a","kind":"start","t":"1999-10-09 07:35:00.000"}},{"type":"Feature","geometry":{"type":"Point","coordinates":[-115.08600000000001,38.848]},"properties":{"id":"26401a","kind":"end","t":"2000-04-24 14:52:20.000"}},{"type":"Feature","geometry":{"type":"LineString","coordinates":[[-110.589,42.025],[-110.5331,42.5597],[-110.602,42.099],[-110.8648,43.084],[-110.85300000000001,43.095],[-110.651,42.821],[-110.648,42.815],[-110.6515,42.8107],[-110.6556,42.8208],[-110.672,42.801],[-110.6543,42.8211],[-110.65300000000002,42.862],[-110.66500000000002,42.822],[-110.638,42.876],[-110.7093,42.8496],[-110.63999999999999,42.011],[-110.7029,42.0785],[-110.703,42.01],[-110.725,42.006],[-110.637,42.071],[-110.62099999999998,42.08],[-110.6806,42.0041],[-110.66899999999998,42.057],[-110.712,42.0686],[-110.69200000000001,42.048],[-110.714,42.065],[-110.6429,42.0347],[-110.636,42.142],[-111.12200000000001,42.294],[-111.2573,42.3665],[-111.24700000000001,42.36],[-111.2469,42.3306],[-111.30599999999998,42.383],[-111.727,42.677],[-111.695,42.67],[-111.749,42.729],[-111.7452,42.7296],[-111.64499999999998,42.698],[-111.686,42.677],[-111.67599999999999,42.692],[-111.6715,42.6815],[-111.6467,42.4282],[-111.67500000000001,42.429],[-111.674,42.668],[-111.695,42.659],[-111.67599999999999,42.675],[-111.6903,42.671],[-111.667,42.685],[-111.638,42.529],[-111.6814,42.6762],[-111.60399999999998,42.69],[-111.644,42.182],[-111.69200000000001,42.231],[-111.7492,42.7556],[-111.781,42.734],[-111.2288,42.4673],[-111.161,42.584],[-111.6983,43.4548],[-111.67599999999999,43.39],[-111.6204,43.3902],[-111.6269,43.2064],[-111.673,43.224],[-111.673,43.289],[-111.686,43.22],[-111.71699999999998,42.743],[-111.672,42.755],[-111.75200000000001,42.589],[-111.686,42.689],[-111.66,42.69],[-112.0337,44.7451],[-112.04500000000002,45.034],[-118.201,49.722],[-118.23399999999998,49.747],[-122.0691,52.7083],[-123.18099999999998,53.8],[-124.3721,54.1153],[-124.4641,53.8998],[-124.464,53.899],[-124.45999999999998,53.899],[-128.7087,55.8819],[-129.38,56.246],[-129.295,56.331],[-129.5676,56.5534],[-132.129,58.522],[-132.162,58.475],[-133.683,59.0714],[-138.674,60.986],[-138.838,61.003],[-139.505,61.303],[-145.9643,60.7438],[-146.288,60.383],[-146.266,60.401],[-144.8104,60.8022],[-144.788,60.812],[-144.353,61.2082],[-144.5171,61.8566],[-144.463,61.858],[-144.442,61.848],[-144.479,61.876],[-144.4455,61.8605],[-144.468,61.857],[-144.456,61.857],[-144.482,61.879],[-144.53,61.858],[-144.436,61.86],[-144.4462,61.8567],[-144.384,61.841],[-144.452,61.834],[-144.576,61.904],[-144.4474,61.8555],[-144.589,61.93],[-144.56,61.926],[-144.633,61.907],[-144.657,61.856],[-144.4538,61.8735],[-144.2067,61.9545],[-144.571,61.893],[-144.098,62.533],[-143.5924,63.2563],[-145.171,63.71],[-148.5252,63.9408],[-148.5521,63.9429],[-148.633,63.933],[-148.528,63.928],[-148.513,63.944],[-148.35,63.964],[-148.5259,63.9564],[-148.33,63.908],[-148.363,63.931],[-148.526,63.887],[-148.512,63.926],[-148.537,63.941],[-148.5272,63.9574],[-148.559,63.985],[-148.551,63.972],[-148.544,63.96],[-148.523,63.959],[-148.519,63.971],[-148.5485,63.9464],[-148.492,63.898],[-148.57,63.929],[-148.524,63.927],[-148.5519,63.9292],[-148.5397,63.929],[-148.583,63.925],[-148.536,63.941],[-148.569,63.927],[-148.536,63.934],[-148.5519,63.9292],[-148.592,63.875],[-148.542,63.935],[-148.557,63.941],[-148.544,63.931],[-148.5443,63.9338],[-148.625,63.94],[-148.561,63.942],[-148.52,63.944],[-148.5444,63.9353],[-148.5484,63.9309],[-148.513,63.968],[-148.597,63.937],[-148.624,63.921],[-148.349,63.958],[-148.5482,63.9421],[-148.573,63.944],[-148.572,63.939],[-148.438,63.94],[-148.565,63.935],[-148.5506,63.9316],[-148.5366,63.9319],[-148.485,63.971],[-148.554,63.922],[-148.5442,63.938],[-148.5436,63.9355],[-148.517,63.965],[-148.567,63.864],[-148.551,63.941],[-148.512,63.953],[-148.558,63.9317],[-148.49,63.949],[-148.55,63.95],[-148.502,63.956],[-148.554,63.92],[-148.5542,63.9482],[-148.524,63.936],[-148.553,63.926],[-148.564,63.907],[-148.5549,63.9396],[-148.52,63.939],[-148.533,63.944],[-148.492,63.945],[-148.48,63.947],[-148.5543,63.9386],[-148.603,63.921],[-148.435,63.953],[-148.428,63.962],[-148.4754,63.9611],[-148.475,63.948],[-148.585,63.959],[-148.5193,63.9749],[-148.3744,63.9805],[-148.382,64.012],[-148.398,64.014],[-148.35,64.03],[-148.2153,63.7243],[-148.127,63.66],[-148.094,63.73],[-147.9785,63.751],[-148.195,63.807],[-148.201,63.803],[-148.0224,63.9355],[-148.187,64.004],[-148.097,64.014],[-148.146,64.013],[-143.398,62.658],[-143.43,62.658],[-143.4071,62.6614],[-140.4237,61.7722],[-139.357,61.266],[-139.42,61.302],[-138.3507,60.7459],[-138.202,60.679],[-138.1772,60.6844],[-138.0883,60.6668],[-138.393,60.723],[-139.8229,61.4247],[-141.403,61.655],[-141.4,61.662],[-141.3894,61.6514],[-141.8819,61.8905],[-141.881,61.893],[-141.884,61.892],[-141.8945,61.8549],[-141.903,61.857],[-141.8557,61.8701],[-141.8549,61.7756],[-142.1058,60.9895],[-141.005,60.1205],[-141.018,60.124],[-141.0147,60.1201],[-141.036,60.124],[-141.028,60.169],[-140.989,60.1604],[-141.01,60.1],[-141.1138,60.0518],[-140.926,60.19],[-141.085,60.035],[-141.169,60.049],[-137.509,59.549],[-137.205,59.572],[-127.87299999999999,57.339]]},"properties":{"id":"71526a","sex":"m","lifeStage":"HY","site":"Commissary Ridge, WY","start":"2008-10-23 09:10:00.000","end":"2009-10-17 07:29:36.000","n":251,"sensor":"gps"}},{"type":"Feature","geometry":{"type":"Point","coordinates":[-110.589,42.025]},"properties":{"id":"71526a","kind":"start","t":"2008-10-23 09:10:00.000"}},{"type":"Feature","geometry":{"type":"Point","coordinates":[-127.87299999999999,57.339]},"properties":{"id":"71526a","kind":"end","t":"2009-10-17 07:29:36.000"}},{"type":"Feature","geometry":{"type":"LineString","coordinates":[[-106.411,34.704],[-106.51999999999998,35.581],[-106.57,35.961],[-108.18700000000001,34.464],[-108.195,34.464],[-107.564,33.109],[-106.911,32.394],[-104.84699999999998,31.962],[-104.882,31.964],[-104.86000000000001,31.972],[-104.43200000000002,30.329],[-104.47899999999998,30.426],[-104.43799999999999,30.403],[-104.37799999999999,30.436],[-104.47899999999998,30.407],[-104.44299999999998,30.411],[-104.40800000000002,30.381],[-104.49799999999999,30.421],[-104.517,30.405],[-104.42599999999999,30.421],[-104.45600000000002,30.427],[-104.46699999999998,30.432],[-104.436,30.409],[-104.452,30.44],[-104.463,30.422],[-104.46800000000002,30.426],[-104.463,30.408],[-104.50999999999999,30.549],[-104.517,30.542],[-104.47300000000001,30.546],[-104.48500000000001,30.532],[-104.525,30.5],[-104.588,30.648],[-104.518,30.647],[-104.511,30.488],[-104.25799999999998,30.524],[-104.357,30.488],[-104.458,30.845],[-104.382,30.604],[-104.513,30.653],[-104.417,30.602],[-104.35,30.712],[-104.404,30.592],[-104.42700000000002,30.602],[-104.40800000000002,30.597],[-104.186,30.478],[-104.185,30.469],[-104.35500000000002,30.555],[-104.332,30.558],[-104.36099999999999,30.564],[-104.273,30.536],[-104.423,30.614],[-104.19,30.74],[-104.35899999999998,30.561],[-104.37,30.566],[-104.18700000000001,30.623],[-104.51499999999999,30.62],[-104.263,30.632],[-104.362,30.419],[-104.18299999999999,30.333],[-104.33100000000002,30.608],[-104.40800000000002,30.419],[-104.28899999999999,30.553],[-104.36099999999999,30.567],[-104.326,30.554],[-104.32,30.546],[-104.35899999999998,30.615],[-104.36500000000001,30.562],[-104.362,30.78],[-104.475,30.427],[-104.423,30.46],[-104.458,30.425],[-104.517,30.461],[-104.45999999999998,30.47],[-104.463,30.469],[-104.49099999999999,30.41],[-104.469,30.416],[-104.69200000000001,30.488],[-104.678,30.495],[-104.41,30.363],[-104.525,30.669],[-104.37099999999998,30.598],[-104.46600000000001,30.402],[-104.44799999999998,30.425],[-104.399,30.421],[-104.44200000000001,30.404],[-104.416,30.392],[-104.436,30.425],[-104.43,30.423],[-104.459,30.446],[-104.42599999999999,30.424],[-104.49200000000002,30.408],[-104.58499999999998,30.567],[-104.561,30.549],[-104.613,30.611],[-104.51499999999999,30.632],[-104.40699999999998,31.372],[-103.94799999999998,31.643],[-104.02800000000002,31.643],[-105.316,36.035],[-107.405,38.321],[-107.44900000000001,38.306],[-107.39600000000002,38.313],[-111.16,44.023],[-110.953,44.111],[-112.72899999999998,46.372],[-112.918,46.651],[-127.28800000000001,56.008],[-127.358,56.003],[-127.43099999999998,56.029],[-128.361,56.015],[-128.405,56.027],[-128.419,56.026],[-128.382,56.036],[-128.742,54.871],[-127.74099999999999,56.006],[-127.685,56.027],[-127.69200000000001,56.012],[-128.109,56.176],[-128.068,56.178],[-127.99799999999999,56.207],[-128.309,56.203],[-129.488,57.361],[-129.642,57.493],[-129.998,57.613],[-130.102,57.24],[-130.16,57.12],[-130.112,57.199],[-130.15,57.165],[-130.136,57.192],[-130.851,56.721],[-130.939,56.896],[-130.904,57.3],[-131.626,57.581],[-129.166,56.891],[-128.003,56.695],[-128.021,57.014],[-127.988,57.008],[-128.082,56.992],[-129.841,56.996],[-129.861,57.013],[-129.864,57.023],[-129.864,56.968],[-129.833,57.247],[-129.789,57.219],[-129.822,57.236],[-130.474,57.366],[-130.418,57.167],[-129.898,57.306],[-129.896,57.29],[-130.105,57.405],[-129.961,57.31],[-130.076,57.267],[-129.945,57.315],[-129.945,57.295],[-130.031,57.345],[-130.076,57.253],[-130.102,57.25],[-130.111,57.217],[-129.96,57.264],[-130.159,57.158],[-130.138,57.248],[-130.146,57.242],[-130.166,57.224],[-130.132,57.248],[-129.874,57.249],[-129.943,57.291],[-130.053,57.279],[-129.897,57.185],[-129.734,57.132],[-129.661,57.09],[-129.704,57.096],[-129.588,57.115],[-129.519,57.106],[-129.646,56.99],[-129.709,57.078],[-129.636,57.057],[-129.552,57.102],[-128.558,56.713],[-126.72399999999999,55.997],[-125.30000000000001,55.608],[-125.02800000000002,55.651],[-124.24099999999999,55.298],[-120.596,53.763],[-118.965,52.761],[-118.94200000000001,52.753],[-116.148,51.185],[-114.55000000000001,49.29],[-114.47,49.104],[-111.48599999999999,46.82],[-110.114,46.243],[-110.113,46.238],[-109.18099999999998,45.02],[-109.113,44.986],[-109.19900000000001,44.926],[-109.12799999999999,42.728],[-107.912,41.328],[-107.911,41.326],[-107.97899999999998,41.344],[-107.97899999999998,40.788],[-107.862,40.281],[-107.805,40.233],[-107.39600000000002,40.256],[-107.21600000000001,38.675],[-107.201,38.664],[-106.63,36.955],[-104.643,34.612],[-104.61599999999999,34.471],[-104.578,34.493],[-104.34699999999998,34.237],[-105.304,33.732],[-105.649,33.241],[-105.602,33.251],[-105.63299999999998,33.281],[-105.61599999999999,33.246],[-105.564,32.779],[-105.52699999999999,32.756],[-105.63,32.741],[-104.51499999999999,30.6],[-104.642,30.536],[-104.357,30.56],[-104.30000000000001,30.687],[-104.10300000000001,30.559],[-104.11700000000002,30.656],[-104.31799999999998,30.57],[-104.226,30.505],[-104.245,30.482],[-104.322,30.728],[-104.30200000000002,30.738],[-104.06200000000001,31.302],[-104.27699999999999,30.586],[-104.35899999999998,30.597],[-104.386,30.524],[-104.529,30.365],[-104.45400000000001,30.456],[-104.392,30.439],[-104.186,30.613],[-104.45499999999998,30.456],[-104.35899999999998,30.526],[-104.481,30.444],[-104.469,30.431],[-104.51999999999998,30.483],[-104.494,30.494],[-104.293,30.418],[-104.156,30.601],[-104.23000000000002,30.64],[-104.137,30.631],[-104.178,30.665],[-104.48000000000002,30.465],[-104.463,30.441],[-104.523,30.529]]},"properties":{"id":"37304a","sex":"m","lifeStage":"HY","site":"Manzano Mountains, NM","start":"2002-10-15 06:30:00.000","end":"2004-03-21 00:23:56.000","n":251,"sensor":"argos"}},{"type":"Feature","geometry":{"type":"Point","coordinates":[-106.411,34.704]},"properties":{"id":"37304a","kind":"start","t":"2002-10-15 06:30:00.000"}},{"type":"Feature","geometry":{"type":"Point","coordinates":[-104.523,30.529]},"properties":{"id":"37304a","kind":"end","t":"2004-03-21 00:23:56.000"}},{"type":"Feature","geometry":{"type":"LineString","coordinates":[[-114.27100000000002,40.424],[-113.404,41.908],[-113.483,41.906],[-113.48000000000002,42.185],[-113.494,41.895],[-113.52699999999999,41.895],[-113.52199999999999,42.181],[-113.38299999999998,42.137],[-113.36500000000001,42.147],[-113.108,42.22],[-113.09899999999999,42.164],[-113.50400000000002,42.133],[-113.44900000000001,42.122],[-113.423,42.122],[-113.392,42.133],[-113.451,42.076],[-113.412,42.135],[-113.338,42.162],[-113.39600000000002,42.144],[-113.39499999999998,42.145],[-113.38900000000001,42.148],[-113.381,42.153],[-113.316,42.196],[-113.44299999999998,42.149],[-113.40300000000002,42.153],[-113.41500000000002,42.118],[-113.392,42.137],[-113.394,42.145],[-113.38900000000001,42.142],[-113.333,42.111],[-113.392,42.144],[-113.41,42.146],[-113.39499999999998,42.146],[-113.394,42.141],[-113.37700000000001,42.117],[-113.417,42.168],[-113.40199999999999,42.154],[-113.394,42.145],[-113.37799999999999,42.15],[-113.37700000000001,42.153],[-113.394,42.16],[-113.392,42.153],[-113.405,42.147],[-113.36000000000001,42.162],[-113.386,42.15],[-113.38400000000001,42.149],[-113.4,42.143],[-113.40899999999999,42.142],[-113.458,42.082],[-113.44999999999999,42.081],[-113.422,42.084],[-113.35500000000002,42.124],[-113.31200000000001,42.125],[-113.386,41.893],[-113.412,41.937],[-113.429,42.153],[-113.42500000000001,42.149],[-113.41899999999998,42.236],[-110.34199999999998,41.589],[-113.394,42.266],[-113.35300000000001,42.276],[-113.36500000000001,42.257],[-113.38499999999999,42.259],[-113.476,42.211],[-113.43700000000001,42.299],[-113.44799999999998,42.285],[-113.53399999999999,42.306],[-113.596,42.293],[-113.447,42.088],[-113.451,42.182],[-113.525,42.117],[-113.543,42.117],[-113.53300000000002,42.119],[-113.45600000000002,42.08],[-113.608,42.105],[-113.555,42.086],[-113.42500000000001,42.099],[-113.428,42.099],[-113.531,42.09],[-113.55700000000002,42.118],[-113.65699999999998,42.175],[-113.53899999999999,42.117],[-113.54500000000002,42.164],[-113.561,42.161],[-113.548,42.148],[-113.53,42.091],[-113.53899999999999,42.204],[-113.63,42.199],[-113.59800000000001,42.079],[-113.475,42.267],[-113.56299999999999,42.332],[-113.529,42.307],[-113.578,42.156],[-113.60500000000002,42.162],[-113.612,42.17],[-113.708,42.126],[-113.65199999999999,42.166],[-113.446,42.116],[-113.589,42.108],[-113.52600000000001,42.132],[-113.564,42.136],[-113.53399999999999,42.087],[-113.58499999999998,42.182],[-113.42700000000002,42.125],[-113.41500000000002,42.119],[-113.418,42.121],[-113.48599999999999,42.137],[-113.71699999999998,42.244],[-113.725,42.289],[-113.61500000000001,42.054],[-113.643,42.057],[-113.65699999999998,42.056],[-113.548,42.072],[-113.63,42.056],[-113.364,41.922],[-113.441,41.88],[-113.38900000000001,41.912],[-113.481,41.966],[-110.416,41.512],[-113.16399999999999,42.135],[-113.071,42.126],[-112.24700000000001,41.85],[-111.793,41.47],[-111.72800000000001,41.446],[-111.727,41.415],[-111.45999999999998,41.352],[-111.51499999999999,41.264],[-111.578,41.34],[-111.62700000000001,41.335],[-111.75400000000002,41.428],[-111.715,41.438],[-111.719,41.576],[-111.725,41.577],[-111.65,41.648],[-111.67099999999999,41.629],[-111.58600000000001,41.642],[-111.608,41.663],[-111.63900000000001,41.614],[-111.19999999999999,41.346],[-111.42000000000002,41.152],[-111.38999999999999,41.169],[-111.37200000000001,41.12],[-111.38,41.12],[-111.42500000000001,41.172],[-111.423,41.167],[-111.405,41.189],[-111.434,41.142],[-111.463,41.155],[-111.49099999999999,41.151],[-111.46199999999999,41.183],[-111.458,41.183],[-111.57400000000001,41.333],[-111.577,41.328],[-111.57999999999998,41.323],[-111.78800000000001,41.364],[-111.821,41.402],[-111.80200000000002,41.394],[-111.654,41.518],[-111.672,41.635],[-111.65100000000001,41.701],[-111.66500000000002,41.629],[-111.70499999999998,41.625],[-111.67700000000002,41.625],[-111.75299999999999,41.408],[-111.792,41.408],[-111.80799999999999,41.476],[-111.791,41.467],[-112.035,41.686],[-112.06,41.678],[-112.39600000000002,42.135],[-112.388,42.115],[-112.392,42.101],[-112.40899999999999,42.126],[-112.69400000000002,42.214],[-112.786,42.267],[-112.83600000000001,42.301],[-112.852,42.486],[-112.82499999999999,42.516],[-112.84800000000001,42.556],[-112.87799999999999,42.511],[-112.84100000000001,42.52],[-112.85500000000002,42.512],[-112.79599999999999,42.564],[-112.73599999999999,42.58],[-112.809,42.566],[-112.805,42.588],[-112.86099999999999,42.508],[-112.26600000000002,42.41],[-112.285,42.416],[-112.23599999999999,42.461],[-112.237,42.421],[-112.221,42.47],[-112.088,42.542],[-112.257,42.426],[-112.23399999999998,42.441],[-112.321,42.413],[-112.21100000000001,42.453],[-112.06299999999999,42.466],[-111.92599999999999,42.317],[-111.91300000000001,42.304],[-112.261,42.427],[-112.26400000000001,42.464],[-112.263,42.463],[-112.67700000000002,42.595],[-112.781,42.633],[-113.41300000000001,42.338],[-113.42700000000002,42.337],[-113.439,42.339],[-113.47199999999998,42.049],[-113.582,42.132],[-113.47,42.079],[-113.469,42.08],[-113.47199999999998,42.077],[-113.475,42.081],[-113.47199999999998,42.083],[-113.679,42.19],[-113.369,42.181],[-114.03399999999999,42.332],[-114.048,42.337],[-114.12700000000001,42.123],[-115.13,42.348],[-115.07900000000001,42.351],[-115.54500000000002,42.522],[-115.48599999999999,42.518],[-115.34800000000001,42.789],[-115.28399999999999,42.761],[-115.24599999999998,42.737],[-115.007,44.817],[-114.969,44.753],[-115.40699999999998,45.457],[-115.40199999999999,45.464],[-114.97800000000001,44.756],[-114.424,44.068],[-114.537,43.296],[-114.451,43.25],[-114.60500000000002,43.43],[-114.59,43.425],[-114.493,43.228],[-114.49000000000001,43.224],[-114.49799999999999,43.289],[-114.51999999999998,43.208],[-114.471,43.251],[-114.44200000000001,43.277],[-114.428,43.269],[-114.35300000000001,43.532],[-114.439,43.507],[-114.75,43.704],[-114.68799999999999,43.611],[-114.52600000000001,43.328],[-114.46699999999998,43.219],[-114.447,43.226]]},"properties":{"id":"21166b","sex":"m","lifeStage":"HY","site":"Goshute Mountains, NV","start":"2004-09-25 11:37:00.000","end":"2006-07-21 14:30:30.000","n":251,"sensor":"argos"}},{"type":"Feature","geometry":{"type":"Point","coordinates":[-114.27100000000002,40.424]},"properties":{"id":"21166b","kind":"start","t":"2004-09-25 11:37:00.000"}},{"type":"Feature","geometry":{"type":"Point","coordinates":[-114.447,43.226]},"properties":{"id":"21166b","kind":"end","t":"2006-07-21 14:30:30.000"}},{"type":"Feature","geometry":{"type":"LineString","coordinates":[[-114.27100000000002,40.424],[-114.358,40.495],[-114.305,40.506],[-114.34800000000001,40.491],[-114.32499999999999,40.493],[-114.32400000000001,40.507],[-114.37900000000002,40.507],[-114.33499999999998,40.511],[-114.32,40.496],[-114.39499999999998,40.46],[-114.364,40.492],[-114.36599999999999,40.487],[-114.364,40.486],[-114.35300000000001,40.452],[-114.369,40.524],[-114.357,40.519],[-114.36000000000001,40.523],[-114.35899999999998,40.53],[-114.37200000000001,40.535],[-114.49200000000002,40.619],[-114.49700000000001,40.497],[-114.33499999999998,40.501],[-114.464,40.501],[-114.356,40.509],[-114.35399999999998,40.517],[-114.374,40.517],[-114.38499999999999,40.597],[-114.316,40.474],[-114.375,40.485],[-114.464,40.457],[-114.357,40.495],[-114.357,40.495],[-114.35300000000001,40.493],[-114.34199999999998,40.507],[-114.333,40.504],[-114.35300000000001,40.545],[-114.22899999999998,37.8],[-113.814,36.894],[-112.268,36.334],[-112.279,36.313],[-112.23500000000001,36.342],[-112.94900000000001,36.09],[-113.303,36.545],[-113.30000000000001,36.544],[-113.28199999999998,36.551],[-113.291,36.546],[-113.41,36.532],[-113.47,36.519],[-113.46100000000001,36.527],[-113.45600000000002,36.537],[-113.512,36.53],[-113.356,34.77],[-113.441,34.848],[-113.34199999999998,34.774],[-113.45600000000002,34.82],[-113.10899999999998,34.713],[-113.08600000000001,34.701],[-113.083,34.734],[-113.12299999999999,34.73],[-113.14100000000002,34.73],[-113.13999999999999,34.731],[-113.15100000000001,34.975],[-113.12900000000002,34.983],[-113.07400000000001,34.937],[-113.07999999999998,34.939],[-113.05599999999998,34.954],[-113.07299999999998,34.949],[-112.965,34.378],[-112.82499999999999,34.289],[-112.90300000000002,34.376],[-112.905,34.328],[-112.827,34.342],[-112.85,34.518],[-112.88999999999999,34.501],[-112.82400000000001,34.641],[-112.856,34.57],[-112.744,34.663],[-112.78199999999998,34.646],[-112.731,34.682],[-112.822,34.66],[-112.738,34.564],[-112.75900000000001,34.564],[-112.78399999999999,34.564],[-112.85399999999998,34.611],[-112.918,34.62],[-112.89499999999998,34.608],[-112.898,34.622],[-112.87200000000001,34.568],[-113.304,34.982],[-113.35,34.97],[-113.362,34.975],[-113.44400000000002,34.985],[-113.388,35.012],[-113.305,34.968],[-113.382,34.98],[-113.357,35.064],[-113.357,34.973],[-113.36599999999999,34.971],[-113.345,34.959],[-113.381,34.97],[-113.38900000000001,34.974],[-113.392,34.978],[-113.37,34.975],[-113.418,34.975],[-113.40800000000002,34.981],[-113.47,34.966],[-113.416,34.974],[-113.38999999999999,34.991],[-113.37700000000001,34.988],[-113.31200000000001,35.01],[-113.32400000000001,34.997],[-113.30799999999999,34.994],[-113.31900000000002,35.0],[-113.29399999999998,35.082],[-113.267,35.024],[-113.303,35.019],[-113.31,35.028],[-113.34199999999998,35.036],[-113.26499999999999,35.085],[-113.36599999999999,34.984],[-113.346,34.98],[-113.374,35.018],[-113.387,35.013],[-113.30799999999999,35.078],[-113.142,34.977],[-113.19,34.927],[-113.22800000000001,35.039],[-113.286,35.048],[-113.17000000000002,35.003],[-113.178,34.982],[-113.00799999999998,35.078],[-112.983,35.069],[-113.00400000000002,35.085],[-113.00299999999999,35.078],[-113.178,34.877],[-113.195,34.881],[-113.37799999999999,34.8],[-113.328,34.79],[-113.31,34.977],[-113.316,35.021],[-113.34899999999999,35.005],[-113.244,34.894],[-113.19,34.832],[-113.31700000000001,34.825],[-113.334,34.838],[-113.34699999999998,34.825],[-113.299,34.807],[-113.25400000000002,34.807],[-113.34800000000001,34.802],[-113.31799999999998,34.791],[-113.32400000000001,34.802],[-113.29500000000002,34.755],[-113.15800000000002,34.894],[-113.095,34.889],[-113.166,34.841],[-113.178,34.901],[-113.22800000000001,34.73],[-113.227,34.744],[-113.27699999999999,34.747],[-113.40100000000001,34.969],[-113.393,34.977],[-113.358,34.96],[-113.172,34.787],[-113.209,34.716],[-113.20499999999998,34.748],[-113.18799999999999,34.752],[-113.19999999999999,34.766],[-113.15800000000002,34.757],[-113.154,34.758],[-113.207,34.766],[-113.17700000000002,34.866],[-113.292,34.926],[-113.36099999999999,34.858],[-113.172,34.748],[-113.17099999999999,34.766],[-113.174,34.757],[-113.17000000000002,34.758],[-113.15699999999998,34.758],[-113.21600000000001,35.0],[-113.18200000000002,34.978],[-113.173,34.756],[-113.167,34.746],[-113.57999999999998,36.581],[-113.46100000000001,36.612],[-113.483,36.672],[-113.45400000000001,36.699],[-113.489,36.706],[-113.45999999999998,36.68],[-113.46699999999998,36.729],[-113.445,36.726],[-113.46199999999999,36.696],[-113.989,37.474],[-114.09800000000001,38.356],[-114.35899999999998,39.412],[-114.321,39.437],[-114.34699999999998,39.422],[-114.554,39.465],[-114.434,39.465],[-114.564,39.479],[-114.549,40.038],[-114.457,40.004],[-114.55700000000002,39.972],[-114.519,39.982],[-114.40800000000002,39.97],[-114.50999999999999,39.973],[-114.494,39.972],[-114.52800000000002,39.963],[-114.565,39.934],[-114.315,40.203],[-114.34199999999998,40.207],[-114.345,40.205],[-114.34100000000001,39.924],[-114.113,40.033],[-114.118,40.042],[-113.797,39.76],[-113.78800000000001,39.771],[-113.79399999999998,39.784],[-114.643,40.671],[-114.649,40.67],[-114.68200000000002,40.643],[-114.74700000000001,40.67],[-114.695,40.721],[-114.70400000000001,40.683],[-114.69400000000002,40.689],[-114.691,40.684],[-114.814,40.622],[-114.70600000000002,40.647],[-114.695,40.634],[-114.72,40.638],[-114.715,40.634],[-114.75,40.619],[-114.715,40.645],[-114.727,40.699],[-114.707,40.657],[-114.76400000000001,40.649],[-114.743,40.671],[-114.749,40.676],[-114.71600000000001,40.639],[-114.67599999999999,40.641],[-114.72800000000001,40.652],[-114.69200000000001,40.657],[-114.77800000000002,41.239],[-114.661,41.228],[-115.011,41.439],[-114.82299999999998,41.74],[-114.814,41.753],[-114.809,41.743],[-114.826,41.744],[-114.80099999999999,41.595],[-114.78899999999999,41.589],[-114.79000000000002,41.595]]},"properties":{"id":"21260b","sex":"m","lifeStage":"HY","site":"Goshute Mountains, NV","start":"2004-09-08 07:58:00.000","end":"2005-06-30 01:42:35.000","n":251,"sensor":"argos"}},{"type":"Feature","geometry":{"type":"Point","coordinates":[-114.27100000000002,40.424]},"properties":{"id":"21260b","kind":"start","t":"2004-09-08 07:58:00.000"}},{"type":"Feature","geometry":{"type":"Point","coordinates":[-114.79000000000002,41.595]},"properties":{"id":"21260b","kind":"end","t":"2005-06-30 01:42:35.000"}},{"type":"Feature","geometry":{"type":"LineString","coordinates":[[-106.411,34.704],[-106.42700000000002,34.713],[-105.07,34.468],[-105.09800000000001,33.716],[-103.38999999999999,33.804],[-103.38999999999999,33.809],[-102.91500000000002,33.436],[-103.01999999999998,33.469],[-103.01600000000002,33.531],[-103.24099999999999,33.539],[-103.22899999999998,33.541],[-103.17399999999998,33.565],[-103.178,33.536],[-103.17399999999998,33.547],[-103.94600000000003,33.147],[-103.95299999999997,33.17],[-103.85399999999998,33.265],[-103.94100000000003,33.153],[-103.935,33.149],[-103.96199999999999,33.128],[-103.95999999999998,33.17],[-103.93299999999999,33.252],[-103.94999999999999,33.286],[-103.98399999999998,33.15],[-104.007,33.161],[-104.286,33.184],[-104.30599999999998,33.211],[-104.30200000000002,33.184],[-104.26999999999998,33.182],[-104.25900000000001,33.179],[-104.30000000000001,33.169],[-104.27699999999999,33.156],[-104.31,33.169],[-104.28199999999998,33.179],[-103.995,33.206],[-103.964,33.195],[-104.269,33.179],[-104.29000000000002,33.164],[-104.22199999999998,33.16],[-104.27699999999999,33.165],[-104.30099999999999,33.144],[-103.993,33.307],[-103.99400000000003,33.307],[-104.07900000000001,33.194],[-104.089,33.193],[-103.98699999999997,33.161],[-104.11000000000001,32.885],[-104.257,33.18],[-104.26999999999998,33.182],[-103.95600000000002,33.198],[-103.96600000000001,33.19],[-104.035,33.303],[-104.06900000000002,33.336],[-104.29500000000002,33.195],[-104.149,33.175],[-104.013,33.244],[-104.172,33.199],[-104.281,33.179],[-104.11000000000001,33.138],[-104.19999999999999,33.162],[-104.22399999999999,33.184],[-104.19200000000001,33.142],[-104.25200000000001,33.182],[-104.21699999999998,33.162],[-104.22399999999999,33.138],[-104.108,33.144],[-104.21800000000002,33.06],[-104.23599999999999,33.201],[-104.25,33.208],[-104.28800000000001,33.178],[-104.363,33.16],[-104.279,33.15],[-104.257,33.163],[-104.299,33.178],[-104.255,33.183],[-104.256,33.147],[-104.22899999999998,33.148],[-104.28800000000001,33.136],[-104.285,33.146],[-104.298,33.194],[-104.293,33.172],[-104.26499999999999,33.16],[-103.99000000000001,33.243],[-104.29399999999998,33.18],[-104.291,33.174],[-107.70600000000002,40.022],[-109.255,44.078],[-109.257,44.071],[-113.918,49.234],[-113.90699999999998,49.266],[-113.91300000000001,49.243],[-115.858,53.206],[-115.93,53.191],[-113.719,50.199],[-113.768,50.209],[-113.81799999999998,50.207],[-112.42700000000002,51.343],[-112.40699999999998,51.344],[-112.32299999999998,51.333],[-112.155,51.288],[-112.285,51.312],[-112.172,51.335],[-112.49200000000002,52.024],[-112.458,52.029],[-112.49799999999999,52.043],[-112.345,52.005],[-110.679,51.528],[-110.56900000000002,51.55],[-110.625,51.539],[-109.726,51.154],[-109.751,51.149],[-110.638,51.53],[-110.952,51.515],[-110.826,51.5],[-110.84199999999998,51.501],[-110.73399999999998,51.602],[-110.85899999999998,51.518],[-110.83600000000001,51.522],[-110.071,51.182],[-110.84800000000001,51.424],[-110.87700000000001,51.49],[-107.439,51.841],[-107.576,51.683],[-107.39100000000002,51.71],[-107.40300000000002,51.744],[-107.44900000000001,51.75],[-107.457,51.748],[-110.988,51.554],[-110.94200000000001,51.544],[-113.67599999999999,50.605],[-110.83499999999998,51.508],[-110.851,51.513],[-110.95600000000002,51.555],[-111.00400000000002,51.555],[-110.93200000000002,51.61],[-110.951,51.576],[-111.00400000000002,51.554],[-110.92000000000002,51.561],[-110.963,51.539],[-110.893,51.552],[-110.856,51.55],[-110.78399999999999,51.497],[-110.92599999999999,51.488],[-110.894,51.499],[-110.826,51.507],[-110.869,51.505],[-110.799,51.505],[-110.91500000000002,51.528],[-110.936,51.53],[-111.02100000000002,51.474],[-111.203,50.936],[-111.119,50.949],[-111.31900000000002,51.974],[-111.30599999999998,51.902],[-111.34100000000001,51.917],[-111.32499999999999,51.893],[-111.28199999999998,51.885],[-111.315,51.87],[-110.91,51.832],[-111.29500000000002,51.748],[-111.351,51.747],[-110.946,50.759],[-110.89699999999999,50.749],[-109.53199999999998,48.651],[-110.131,48.126],[-110.096,48.096],[-109.376,47.895],[-109.382,47.894],[-109.42599999999999,47.897],[-108.98000000000002,46.684],[-109.01499999999999,46.627],[-106.561,43.911],[-103.608,33.501],[-103.57299999999998,33.491],[-102.65699999999998,33.985],[-102.60500000000002,33.542],[-102.637,33.535],[-103.02199999999999,34.21],[-103.05200000000002,34.201],[-103.02999999999997,34.199],[-103.03700000000003,34.193],[-103.13,34.211],[-103.12299999999999,34.249],[-103.10699999999997,34.23],[-103.08100000000002,34.221],[-103.118,34.259],[-103.12900000000002,34.265],[-103.12900000000002,34.27],[-102.97500000000002,34.339],[-102.97399999999999,34.302],[-103.00599999999997,34.311],[-102.969,34.323],[-102.97699999999998,34.318],[-103.04000000000002,34.315],[-102.97500000000002,34.318],[-102.99700000000001,34.323],[-102.97000000000003,34.315],[-102.97899999999998,34.331],[-103.07,34.218],[-102.981,34.238],[-103.03499999999997,34.268],[-103.041,34.198],[-103.01600000000002,34.321],[-103.00200000000001,34.32],[-103.053,34.349],[-103.02600000000001,34.32],[-103.01099999999997,34.346],[-103.00999999999999,34.319],[-103.01400000000001,34.322],[-103.00900000000001,34.316],[-103.012,34.322],[-103.00900000000001,34.321],[-103.02699999999999,34.321],[-103.02800000000002,34.315],[-103.03300000000002,34.322],[-103.01499999999999,34.313],[-103.02199999999999,34.321],[-103.00599999999997,34.314],[-102.99400000000003,34.295],[-103.01400000000001,34.323],[-102.99900000000002,34.309],[-103.00599999999997,34.32],[-103.01400000000001,34.342],[-103.024,34.32],[-103.02999999999997,34.32],[-102.97000000000003,34.314],[-102.93299999999999,34.341],[-103.00900000000001,34.311],[-102.92200000000003,34.302],[-102.957,34.307],[-103.02999999999997,34.315],[-102.98000000000002,34.292],[-103.01999999999998,34.316],[-103.01300000000003,34.321],[-103.03700000000003,34.303],[-103.02199999999999,34.172],[-103.03800000000001,34.173],[-102.96800000000002,34.177],[-102.96800000000002,34.218],[-102.99099999999999,34.27],[-103.0,34.267],[-103.00099999999998,34.321],[-103.02999999999997,34.319],[-103.01600000000002,34.318],[-103.005,34.318],[-103.031,34.315],[-103.06200000000001,34.287],[-103.06100000000004,34.282],[-103.08499999999998,34.286],[-103.02100000000002,34.345],[-102.88800000000003,34.342]]},"properties":{"id":"37305a","sex":"m","lifeStage":"HY","site":"Manzano Mountains, NM","start":"2002-10-16 11:15:00.000","end":"2004-04-07 06:48:31.000","n":251,"sensor":"argos"}},{"type":"Feature","geometry":{"type":"Point","coordinates":[-106.411,34.704]},"properties":{"id":"37305a","kind":"start","t":"2002-10-16 11:15:00.000"}},{"type":"Feature","geometry":{"type":"Point","coordinates":[-102.88800000000003,34.342]},"properties":{"id":"37305a","kind":"end","t":"2004-04-07 06:48:31.000"}},{"type":"Feature","geometry":{"type":"LineString","coordinates":[[-106.411,34.704],[-107.132,33.748],[-107.13900000000001,33.748],[-107.162,33.766],[-106.571,33.998],[-106.64600000000002,34.004],[-106.666,34.009],[-106.95600000000002,33.596],[-106.839,33.586],[-106.935,33.579],[-106.911,33.584],[-106.96800000000002,33.541],[-106.89600000000002,33.551],[-106.887,33.504],[-106.91399999999999,33.454],[-106.97899999999998,33.455],[-106.95499999999998,33.428],[-106.92500000000001,33.461],[-106.995,33.437],[-106.797,33.559],[-106.79599999999999,33.559],[-106.953,33.451],[-106.96699999999998,33.458],[-106.952,33.453],[-106.97800000000001,33.474],[-106.91,33.524],[-106.81700000000001,33.576],[-106.851,33.501],[-107.07,33.036],[-107.066,33.04],[-107.055,33.015],[-107.053,33.01],[-107.061,33.011],[-107.07400000000001,33.008],[-107.00299999999999,33.006],[-107.076,33.017],[-107.08699999999999,32.954],[-107.07400000000001,33.021],[-107.09300000000002,33.021],[-107.072,33.019],[-107.042,32.956],[-107.01999999999998,32.995],[-107.061,32.986],[-107.025,32.914],[-107.048,33.006],[-107.05000000000001,33.013],[-107.03399999999999,32.997],[-107.03399999999999,32.997],[-107.084,33.014],[-107.06700000000001,33.016],[-107.07,33.018],[-107.055,33.023],[-107.07400000000001,33.017],[-107.065,33.06],[-107.06799999999998,33.059],[-107.049,33.036],[-107.083,33.055],[-107.05799999999999,33.057],[-107.084,33.054],[-107.10399999999998,33.049],[-107.161,33.068],[-107.048,33.029],[-107.108,33.021],[-107.07900000000001,32.988],[-107.07499999999999,32.998],[-107.076,32.965],[-107.15899999999999,33.107],[-107.15300000000002,33.101],[-107.20400000000001,33.164],[-107.148,33.096],[-107.154,33.103],[-107.076,33.015],[-107.064,33.015],[-107.06700000000001,33.011],[-107.07299999999998,33.022],[-107.078,33.008],[-107.05099999999999,33.023],[-107.02199999999999,32.974],[-107.05599999999998,32.998],[-106.983,33.113],[-106.94900000000001,33.02],[-106.99700000000001,33.046],[-106.99200000000002,32.968],[-106.988,32.964],[-106.99200000000002,32.966],[-106.993,32.969],[-106.99099999999999,32.969],[-106.99200000000002,32.968],[-106.993,32.968],[-106.994,32.969],[-107.03300000000002,33.055],[-107.03,33.056],[-107.035,33.058],[-107.03,33.058],[-106.94200000000001,33.201],[-106.947,33.223],[-106.935,33.216],[-106.92599999999999,33.225],[-106.912,33.224],[-106.94799999999998,33.209],[-106.93299999999999,33.211],[-106.90800000000002,33.248],[-106.94299999999998,33.223],[-106.964,33.022],[-106.96699999999998,33.017],[-106.965,33.042],[-106.97199999999998,33.037],[-106.893,33.024],[-106.975,33.022],[-106.98399999999998,33.029],[-106.97199999999998,33.039],[-106.959,33.031],[-106.923,33.254],[-106.912,33.252],[-106.906,33.258],[-106.935,33.235],[-106.93099999999998,33.254],[-106.93700000000001,33.228],[-107.03800000000001,33.131],[-107.017,33.14],[-107.025,33.115],[-107.042,33.108],[-107.03199999999998,33.118],[-107.053,33.033],[-106.96199999999999,32.997],[-106.97399999999999,33.185],[-106.959,33.172],[-106.958,33.158],[-106.981,33.166],[-106.94299999999998,33.172],[-106.957,33.156],[-106.963,33.156],[-106.994,33.19],[-106.988,33.163],[-107.006,33.179],[-107.00200000000001,33.173],[-106.982,33.161],[-106.99000000000001,33.161],[-107.035,33.132],[-107.005,33.139],[-106.98500000000001,33.107],[-107.031,33.127],[-107.02800000000002,33.128],[-107.02199999999999,33.127],[-106.99799999999999,33.224],[-106.953,33.13],[-106.935,33.163],[-106.952,33.145],[-106.936,33.145],[-106.971,33.139],[-106.941,33.122],[-106.93,33.133],[-106.935,33.139],[-106.93799999999999,33.137],[-106.945,33.148],[-106.93299999999999,33.184],[-106.92599999999999,33.176],[-106.916,33.177],[-106.924,33.18],[-106.874,33.173],[-106.88400000000001,33.183],[-106.993,33.16],[-106.98399999999998,33.164],[-106.98399999999998,33.156],[-106.98399999999998,33.158],[-107.053,33.068],[-107.031,33.12],[-106.786,33.266],[-106.94400000000002,33.166],[-106.946,33.162],[-106.93299999999999,33.131],[-106.94900000000001,33.165],[-106.94999999999999,33.164],[-106.94999999999999,33.163],[-106.95499999999998,33.167],[-106.89699999999999,33.114],[-106.958,33.167],[-106.959,33.167],[-106.95600000000002,33.168],[-106.957,33.167],[-106.959,33.167],[-106.959,33.168],[-106.957,33.165],[-106.94799999999998,33.165],[-106.958,33.166]]},"properties":{"id":"21166c","sex":"f","lifeStage":"HY","site":"Manzano Mountains, NM","start":"2008-10-25 10:53:00.000","end":"2009-02-08 20:46:01.000","n":185,"sensor":"argos"}},{"type":"Feature","geometry":{"type":"Point","coordinates":[-106.411,34.704]},"properties":{"id":"21166c","kind":"start","t":"2008-10-25 10:53:00.000"}},{"type":"Feature","geometry":{"type":"Point","coordinates":[-106.958,33.166]},"properties":{"id":"21166c","kind":"end","t":"2009-02-08 20:46:01.000"}},{"type":"Feature","geometry":{"type":"LineString","coordinates":[[-114.27100000000002,40.424],[-114.274,40.404],[-113.685,39.13],[-112.81700000000001,39.458],[-112.69900000000001,38.679],[-112.62900000000002,37.845],[-112.63400000000001,37.945],[-112.935,37.494],[-112.87200000000001,37.499],[-112.93299999999999,37.491],[-113.148,37.47],[-113.102,37.321],[-112.648,37.88],[-112.62900000000002,37.819],[-112.64100000000002,37.772],[-112.63299999999998,37.745],[-112.66899999999998,37.853],[-112.67500000000001,37.865],[-112.84699999999998,37.539],[-113.05200000000002,37.398],[-113.024,37.395],[-113.029,37.307],[-113.05799999999999,37.314],[-113.04399999999998,37.389],[-113.03199999999998,37.357],[-113.15300000000002,37.292],[-113.09699999999998,37.28],[-113.12299999999999,37.323],[-112.952,37.499],[-112.97199999999998,37.507],[-113.018,37.299],[-112.613,37.871],[-112.65699999999998,37.924],[-112.63999999999999,37.891],[-112.649,37.894],[-113.04000000000002,37.401],[-113.12799999999999,37.282],[-113.13499999999999,37.271],[-112.614,37.76],[-112.56,37.822],[-112.577,37.749],[-112.55799999999999,37.739],[-112.441,37.934],[-112.56200000000001,37.855],[-112.93099999999998,37.348],[-112.94999999999999,37.4],[-113.267,37.469],[-112.58699999999999,37.983],[-112.59,37.95],[-112.59199999999998,38.048],[-112.97300000000001,38.427],[-113.04500000000002,38.444],[-115.946,41.674],[-115.96699999999998,41.676],[-115.958,41.659],[-115.869,41.63],[-115.964,41.673],[-115.97300000000001,41.672],[-115.945,41.654],[-115.969,41.672],[-115.96600000000001,41.674],[-115.99599999999998,41.749],[-115.952,41.663],[-115.96600000000001,41.669],[-115.92099999999999,41.723],[-115.952,41.677],[-115.94799999999998,41.686],[-115.95600000000002,41.672],[-115.935,41.667],[-115.981,41.668],[-116.005,41.685],[-115.898,41.638],[-115.97300000000001,41.672],[-115.97300000000001,41.678],[-115.88299999999998,41.648],[-115.95400000000001,41.672],[-115.97899999999998,41.679],[-115.95400000000001,41.654],[-115.912,41.584],[-115.976,41.656],[-115.951,41.67],[-115.958,41.667],[-115.96199999999999,41.673],[-115.90800000000002,41.658],[-116.00999999999999,41.664],[-115.96600000000001,41.695],[-115.906,41.839],[-115.887,41.83],[-115.87700000000001,41.834],[-115.881,41.83],[-115.93799999999999,41.742],[-115.88900000000001,41.837],[-115.90699999999998,41.844],[-116.00799999999998,41.57],[-115.88499999999999,41.828],[-115.999,41.539],[-115.86500000000001,41.851],[-115.963,41.673],[-115.904,41.639],[-115.88999999999999,41.64],[-115.69,41.804],[-115.88900000000001,41.645],[-115.886,41.64],[-115.80799999999999,41.743],[-115.733,41.761],[-115.868,41.476],[-115.90199999999999,41.654],[-115.96800000000002,41.525],[-115.822,41.862],[-115.82999999999998,41.86],[-115.87900000000002,41.63],[-115.87799999999999,41.642],[-115.99599999999998,41.508],[-116.017,41.48],[-115.976,41.474],[-115.964,41.491],[-115.999,41.489],[-115.98399999999998,41.482],[-115.87299999999999,41.622],[-115.958,41.396],[-116.0,41.477],[-115.977,41.464],[-115.939,41.461],[-115.946,41.482],[-115.965,41.471],[-115.93099999999998,41.505],[-116.012,41.747],[-116.00400000000002,41.746],[-115.69200000000001,41.771],[-115.959,41.697],[-116.061,41.56],[-116.072,41.59],[-116.082,41.459],[-115.976,41.466],[-115.97399999999999,41.643],[-115.96699999999998,41.486],[-115.84899999999999,41.763],[-115.827,41.76],[-115.977,41.47],[-115.977,41.504],[-115.988,41.483],[-116.001,41.44],[-115.964,41.476],[-115.814,41.825],[-115.768,41.818],[-116.001,41.494],[-115.874,41.643],[-116.02199999999999,41.489],[-116.00999999999999,41.458],[-115.988,41.46],[-115.57,41.785],[-115.93799999999999,41.451],[-115.053,41.516],[-114.02800000000002,39.758],[-113.577,38.73],[-112.69400000000002,37.798],[-112.65699999999998,37.76],[-112.65199999999999,37.764],[-112.65300000000002,37.757],[-112.64600000000002,37.756],[-112.713,37.786],[-112.644,37.813],[-112.50900000000001,37.689],[-113.08600000000001,37.451],[-112.685,37.881],[-112.453,38.027],[-112.36000000000001,38.199],[-112.32400000000001,38.265],[-112.30700000000002,38.253],[-112.24700000000001,38.271],[-112.36599999999999,38.15],[-112.67500000000001,37.766],[-112.632,37.746],[-112.69400000000002,37.916],[-112.638,37.837],[-112.626,37.819],[-112.68299999999999,37.854],[-112.59899999999999,37.914],[-112.64100000000002,37.993],[-112.662,37.967],[-112.64699999999999,37.969],[-112.66899999999998,37.918],[-112.50900000000001,37.946],[-112.624,38.031],[-112.63499999999999,37.965],[-112.62099999999998,37.963],[-112.654,37.996],[-112.632,37.949],[-112.58100000000002,37.698],[-112.58100000000002,37.682],[-112.66300000000001,37.968],[-112.648,38.036],[-112.63999999999999,37.927],[-112.62799999999999,37.93],[-112.667,37.951],[-112.666,37.955],[-112.862,38.678],[-113.27800000000002,38.639],[-113.275,38.633],[-115.077,40.466],[-115.02100000000002,40.456],[-115.27800000000002,40.731],[-115.781,41.473],[-115.90199999999999,41.628],[-115.868,41.532],[-115.868,41.52],[-115.768,41.591],[-115.78300000000002,41.646],[-115.749,41.649],[-115.84800000000001,41.63],[-115.946,41.598],[-115.83699999999999,41.656],[-115.856,41.655],[-115.98500000000001,41.476],[-115.987,41.572],[-115.75400000000002,41.705],[-115.90300000000002,41.865],[-115.86099999999999,41.832],[-115.87099999999998,41.839],[-115.96100000000001,41.672],[-115.963,41.662],[-115.995,41.661],[-115.959,41.67],[-115.97899999999998,41.676],[-116.01400000000001,41.661],[-115.957,41.669],[-115.958,41.675],[-115.9,41.868],[-116.00900000000001,41.722],[-115.96199999999999,41.679],[-115.97899999999998,41.671],[-115.964,41.676],[-115.857,41.855],[-115.97899999999998,41.655],[-116.03199999999998,41.641],[-115.957,41.659],[-115.953,41.66],[-115.94400000000002,41.671],[-115.96699999999998,41.676],[-115.686,41.627],[-115.93700000000001,41.805],[-115.965,41.659],[-115.97300000000001,41.659],[-115.738,41.657],[-115.863,41.83],[-115.88400000000001,41.833],[-115.81900000000002,41.773],[-115.89499999999998,41.823],[-116.214,41.818],[-116.12900000000002,41.893],[-116.156,41.893]]},"properties":{"id":"26400b","sex":"m","lifeStage":"ATY","site":"Goshute Mountains, NV","start":"2002-11-04 12:15:00.000","end":"2004-06-12 13:22:06.000","n":251,"sensor":"argos"}},{"type":"Feature","geometry":{"type":"Point","coordinates":[-114.27100000000002,40.424]},"properties":{"id":"26400b","kind":"start","t":"2002-11-04 12:15:00.000"}},{"type":"Feature","geometry":{"type":"Point","coordinates":[-116.156,41.893]},"properties":{"id":"26400b","kind":"end","t":"2004-06-12 13:22:06.000"}},{"type":"Feature","geometry":{"type":"LineString","coordinates":[[-106.411,34.704],[-105.912,33.306],[-105.792,31.644],[-105.55700000000002,32.562],[-105.23599999999999,32.685],[-105.136,32.651],[-105.14600000000002,32.614],[-105.207,32.553],[-104.99799999999999,32.666],[-104.95499999999998,32.607],[-104.911,32.646],[-104.90100000000001,32.618],[-104.946,32.696],[-104.62099999999998,32.946],[-104.81900000000002,33.115],[-104.816,32.695],[-105.11599999999999,32.844],[-104.94299999999998,32.687],[-104.864,33.127],[-104.975,32.799],[-105.28399999999999,42.506],[-106.36599999999999,46.846],[-111.506,54.282],[-112.72899999999998,64.374],[-113.87700000000001,64.931],[-114.84800000000001,66.877],[-110.637,66.749],[-110.309,66.669],[-110.38900000000001,66.927],[-110.46600000000001,66.684],[-110.15300000000002,66.531],[-110.47399999999999,66.706],[-109.55599999999998,66.962],[-109.215,67.067],[-109.149,66.463],[-109.083,66.503],[-109.041,66.49],[-109.00200000000001,66.527],[-109.04599999999999,66.473],[-108.96600000000001,66.647],[-109.08699999999999,66.616],[-109.23599999999999,66.538],[-109.233,66.544],[-109.167,66.568],[-109.268,66.583],[-109.03399999999999,66.576],[-109.20999999999998,65.162],[-108.19999999999999,64.403],[-107.92500000000001,63.999],[-109.582,63.627],[-111.94999999999999,61.047],[-110.548,57.374],[-108.268,51.885],[-107.043,48.063],[-103.12900000000002,41.734],[-103.92700000000002,36.491],[-105.017,33.368],[-104.999,32.85],[-104.06,33.842],[-104.35899999999998,33.949],[-105.095,33.757],[-104.881,32.645],[-104.85899999999998,32.701],[-104.87700000000001,32.683],[-104.85300000000001,32.699],[-104.856,32.685],[-104.83699999999999,32.688],[-104.964,32.679],[-104.90300000000002,32.729],[-104.89100000000002,32.7],[-104.881,32.741],[-104.916,32.703],[-104.887,32.731],[-104.92599999999999,32.687],[-105.05000000000001,32.771],[-105.18799999999999,32.559],[-105.06,32.815],[-104.951,32.776],[-104.94,32.742],[-104.983,32.683],[-105.381,40.61],[-107.03,48.632],[-109.32,51.892],[-110.947,53.576],[-109.43299999999999,50.923],[-109.15899999999999,50.621],[-112.05700000000002,57.345],[-112.529,57.314],[-109.089,50.537],[-111.155,52.265],[-111.249,52.578],[-111.01499999999999,55.39],[-110.85500000000002,55.625],[-110.50400000000002,54.014],[-107.376,51.131],[-107.412,51.149],[-108.256,51.22],[-108.332,51.326],[-108.33699999999999,51.367],[-108.293,51.359],[-108.31299999999999,51.366],[-108.32,51.337],[-107.423,51.224],[-108.05599999999998,51.478],[-106.535,48.343],[-103.83600000000001,45.891],[-103.12599999999998,44.789],[-103.09300000000002,44.649],[-103.03800000000001,44.623],[-103.09699999999998,44.663],[-103.06200000000001,44.641],[-103.17000000000002,44.621],[-103.14100000000002,44.645],[-103.632,45.086],[-103.48900000000003,45.063],[-103.34800000000001,44.89],[-103.30099999999999,45.096],[-103.28300000000002,45.025],[-103.71199999999999,45.333],[-103.71500000000003,45.364],[-103.70400000000001,45.338],[-103.70999999999998,45.321],[-103.19600000000003,45.211],[-103.524,45.058],[-103.65699999999998,45.116],[-103.54599999999999,45.398],[-103.01999999999998,45.284],[-110.51600000000002,51.555],[-108.38,52.771],[-111.666,58.688],[-110.475,62.742],[-111.542,64.745],[-109.65199999999999,64.833],[-109.77600000000001,64.521],[-109.868,64.786],[-109.888,64.796],[-110.856,65.033],[-109.465,65.034],[-109.606,65.017],[-109.49099999999999,64.904],[-109.40199999999999,64.773],[-109.138,64.552],[-109.54399999999998,64.585],[-109.38299999999998,64.508],[-109.196,64.51],[-109.48000000000002,64.485],[-109.44,64.459],[-109.38900000000001,64.389],[-109.65899999999999,64.411],[-109.424,64.441],[-109.47899999999998,64.434],[-109.43700000000001,64.436],[-109.71800000000002,64.428],[-109.65300000000002,64.46],[-109.886,62.976],[-110.79599999999999,59.075],[-110.499,56.604],[-108.54399999999998,54.587],[-106.55599999999998,52.371],[-108.13,51.273],[-109.69299999999998,51.855],[-109.31299999999999,51.013],[-109.005,50.75],[-105.00200000000001,44.072],[-103.90800000000002,43.604],[-104.24700000000001,43.578],[-104.268,43.147],[-104.464,43.017],[-104.59699999999998,43.006],[-103.99200000000002,43.557],[-104.43,43.207],[-104.387,43.188],[-104.05000000000001,43.487],[-104.44,43.548],[-103.99000000000001,43.54],[-104.43799999999999,43.187],[-104.43700000000001,43.362],[-104.27100000000002,43.515],[-104.43,43.543],[-104.44,43.467],[-104.939,43.954],[-105.46100000000001,44.623],[-104.97199999999998,43.965],[-104.363,43.524],[-105.04000000000002,44.074],[-105.674,45.525],[-107.803,48.775],[-112.773,56.289],[-112.16300000000001,56.84],[-111.852,58.059],[-113.846,58.356],[-113.97300000000001,59.204],[-112.59699999999998,58.191],[-115.4,64.892],[-111.27600000000001,64.864],[-111.29399999999998,64.839],[-110.434,64.98],[-110.62900000000002,64.866],[-110.678,64.882],[-110.667,64.925],[-110.792,64.908],[-110.74099999999999,64.907],[-110.713,64.874],[-110.83600000000001,64.868],[-110.85,64.884],[-110.993,64.918],[-110.94999999999999,64.888],[-110.762,64.929],[-110.73500000000001,64.909],[-110.707,64.886],[-110.732,64.929],[-110.92000000000002,64.835],[-111.02199999999999,64.887],[-111.30599999999998,64.757],[-111.326,64.761],[-111.126,64.764],[-110.71800000000002,64.295],[-111.333,64.564],[-111.96199999999999,63.78],[-111.638,64.569],[-111.507,64.608],[-111.648,57.941],[-112.566,56.51],[-111.963,56.733],[-107.74799999999999,50.945],[-110.201,52.066],[-107.981,52.419],[-107.71800000000002,52.178],[-107.96100000000001,51.92],[-107.91,51.871],[-107.672,50.432],[-106.69299999999998,47.377],[-103.707,45.67],[-103.45499999999998,45.221],[-103.445,45.213],[-103.47699999999998,45.354],[-103.16700000000003,45.546],[-103.14600000000002,45.562],[-103.32799999999997,45.328],[-103.23900000000003,45.146],[-103.70999999999998,45.354],[-103.34899999999999,45.19],[-102.93600000000004,45.569],[-103.22000000000003,45.565],[-103.19400000000002,45.571],[-103.43099999999998,45.6],[-103.72399999999999,45.376],[-102.54500000000002,45.312],[-102.779,45.404],[-106.28199999999998,48.06],[-108.83699999999999,51.587]]},"properties":{"id":"26359c","sex":"m","lifeStage":"HY","site":"Manzano Mountains, NM","start":"2002-10-20 11:30:00.000","end":"2007-03-27 04:52:18.000","n":251,"sensor":"argos"}},{"type":"Feature","geometry":{"type":"Point","coordinates":[-106.411,34.704]},"properties":{"id":"26359c","kind":"start","t":"2002-10-20 11:30:00.000"}},{"type":"Feature","geometry":{"type":"Point","coordinates":[-108.83699999999999,51.587]},"properties":{"id":"26359c","kind":"end","t":"2007-03-27 04:52:18.000"}},{"type":"Feature","geometry":{"type":"LineString","coordinates":[[-114.10500000000002,40.459],[-114.24200000000002,40.462],[-113.727,39.01],[-113.63900000000001,35.782],[-112.91,34.277],[-112.969,34.272],[-112.832,34.254],[-112.91399999999999,34.269],[-113.049,34.457],[-110.65300000000002,32.775],[-109.643,33.197],[-108.94400000000002,33.437],[-109.107,33.439],[-109.09100000000001,33.449],[-108.781,32.944],[-108.857,33.0],[-108.858,33.002],[-108.763,32.899],[-108.64600000000002,32.897],[-108.72399999999999,32.911],[-108.74099999999999,32.88],[-108.78800000000001,32.866],[-108.332,31.589],[-108.358,31.591],[-108.72800000000001,30.686],[-108.727,30.661],[-108.56299999999999,30.661],[-108.69999999999999,30.681],[-108.898,30.469],[-108.76499999999999,30.593],[-108.828,30.799],[-108.745,30.926],[-108.756,30.979],[-108.679,30.791],[-108.52600000000001,30.666],[-108.47399999999999,30.673],[-108.549,30.653],[-108.67500000000001,30.637],[-108.662,30.561],[-108.80200000000002,30.502],[-108.685,30.58],[-108.62299999999999,30.585],[-108.63900000000001,30.565],[-108.70400000000001,30.605],[-108.69799999999998,30.601],[-108.71199999999999,30.6],[-108.643,30.563],[-108.60899999999998,30.507],[-108.60399999999998,30.511],[-108.59,30.505],[-108.64499999999998,30.558],[-108.667,30.645],[-108.64699999999999,30.559],[-108.63299999999998,30.57],[-108.685,30.609],[-108.68099999999998,30.558],[-108.726,30.548],[-108.72800000000001,30.594],[-108.41399999999999,30.598],[-108.733,30.564],[-108.738,30.565],[-108.65800000000002,30.554],[-108.678,30.579],[-111.4,32.838],[-111.45499999999998,32.836],[-111.26999999999998,33.378],[-110.30799999999999,31.399],[-109.953,31.238],[-109.70999999999998,31.355],[-113.31900000000002,34.435],[-113.15300000000002,34.029],[-113.36700000000002,34.231],[-113.174,34.281],[-113.59899999999999,34.668],[-112.934,34.291],[-112.917,34.234],[-113.40199999999999,34.595],[-113.118,34.663],[-114.80799999999999,41.592],[-114.93299999999999,41.611],[-114.91300000000001,42.102],[-114.886,42.095],[-114.90899999999999,42.123],[-115.043,42.118],[-114.791,43.134],[-114.75,43.122],[-114.98000000000002,43.131],[-115.01999999999998,43.48],[-114.952,43.208],[-114.923,43.505],[-114.88499999999999,43.174],[-114.98000000000002,43.175],[-115.01600000000002,43.397],[-114.98599999999999,43.417],[-114.959,43.408],[-114.96699999999998,43.397],[-115.26999999999998,43.366],[-114.946,43.4],[-115.055,43.374],[-114.95600000000002,43.405],[-115.149,43.346],[-114.958,43.401],[-115.138,43.328],[-115.138,43.407],[-114.9,43.483],[-114.827,43.442],[-114.94200000000001,43.471],[-114.874,43.482],[-114.84699999999998,43.441],[-114.87799999999999,43.527],[-114.82900000000001,43.449],[-114.89699999999999,43.461],[-114.77100000000002,43.516],[-114.899,43.487],[-114.86599999999999,43.456],[-114.94200000000001,43.477],[-114.88400000000001,43.469],[-114.969,43.474],[-114.749,43.498],[-114.749,43.496],[-114.911,43.503],[-114.612,43.421],[-114.577,43.415],[-115.22300000000001,42.585],[-112.96800000000002,37.055],[-113.48399999999998,34.68],[-112.12799999999999,34.296],[-108.72300000000001,32.966],[-108.74099999999999,32.884],[-108.73000000000002,32.896],[-108.80099999999999,32.917],[-108.738,32.983],[-108.786,32.977],[-108.75,32.881],[-109.001,30.898],[-108.69900000000001,30.575],[-110.429,32.65],[-112.827,34.284],[-109.36000000000001,32.02],[-108.72899999999998,30.739],[-109.43,31.829],[-109.358,31.906],[-109.38999999999999,31.846],[-109.37700000000001,31.881],[-109.299,31.621],[-108.73500000000001,30.562],[-108.732,30.566],[-109.422,31.823],[-109.54000000000002,31.904],[-109.376,31.966],[-109.398,31.977],[-108.90199999999999,30.957],[-108.649,30.57],[-108.721,30.599],[-108.74200000000002,30.593],[-108.65800000000002,30.583],[-108.65800000000002,30.607],[-108.721,30.66],[-108.799,30.731],[-108.709,30.646],[-108.559,30.671],[-108.773,30.704],[-108.68,30.787],[-108.75900000000001,30.766],[-108.84300000000002,30.673],[-108.82999999999998,30.675],[-108.70999999999998,30.648],[-108.72199999999998,30.604],[-108.80799999999999,30.762],[-108.654,30.585],[-108.72199999999998,30.623],[-108.828,30.73],[-108.86099999999999,30.697],[-108.85899999999998,30.634],[-108.85500000000002,30.624],[-108.72,30.643],[-108.881,30.565],[-109.38499999999999,31.815],[-110.43700000000001,32.329],[-110.84699999999998,32.696],[-113.213,34.326],[-113.42700000000002,34.225],[-112.999,34.342],[-113.232,34.342],[-113.156,34.36],[-113.02800000000002,34.433],[-113.326,34.404],[-113.405,34.424],[-113.29000000000002,34.397],[-113.023,34.185],[-113.12900000000002,34.498],[-112.947,34.242],[-112.87900000000002,34.205],[-112.905,34.34],[-113.14600000000002,34.515],[-112.975,34.42],[-112.632,34.117],[-112.78300000000002,34.361],[-113.654,34.616],[-113.77600000000001,34.581],[-113.673,34.654],[-113.25,34.346],[-113.227,34.352],[-113.60300000000001,34.657],[-113.507,34.501],[-113.19999999999999,34.645],[-113.59,34.342],[-113.65300000000002,34.584],[-113.844,34.725],[-113.81700000000001,34.605],[-113.845,34.665],[-110.155,33.467],[-110.37799999999999,33.056],[-110.178,33.416],[-110.37299999999999,33.548],[-110.357,33.572],[-110.386,33.581],[-113.042,34.54],[-112.93099999999998,34.072],[-112.95600000000002,34.068],[-112.976,34.083],[-113.904,34.699],[-113.13900000000001,34.121],[-113.19200000000001,34.18],[-113.07499999999999,34.407],[-112.94799999999998,34.067],[-112.90800000000002,34.285],[-113.922,34.457],[-113.79599999999999,34.53],[-113.81900000000002,34.373],[-113.874,34.433],[-113.89600000000002,34.48],[-113.88999999999999,34.392],[-113.98000000000002,34.489],[-113.90199999999999,34.365],[-113.77800000000002,34.352],[-113.88499999999999,34.384],[-113.64699999999999,34.396],[-113.911,34.39],[-113.86099999999999,34.585],[-113.952,34.528],[-112.934,34.076],[-112.95600000000002,34.075],[-112.95499999999998,34.058],[-112.951,34.072],[-112.97399999999999,34.049],[-113.00299999999999,34.061],[-113.048,34.095],[-112.923,34.082],[-112.95499999999998,34.076],[-112.94400000000002,34.068]]},"properties":{"id":"37302a","sex":"m","lifeStage":"SY","site":"Goshute Mountains, NV","start":"2002-09-06 01:58:05.000","end":"2005-04-27 14:12:08.000","n":251,"sensor":"argos"}},{"type":"Feature","geometry":{"type":"Point","coordinates":[-114.10500000000002,40.459]},"properties":{"id":"37302a","kind":"start","t":"2002-09-06 01:58:05.000"}},{"type":"Feature","geometry":{"type":"Point","coordinates":[-112.94400000000002,34.068]},"properties":{"id":"37302a","kind":"end","t":"2005-04-27 14:12:08.000"}},{"type":"Feature","geometry":{"type":"LineString","coordinates":[[-120.094,48.02],[-120.094,48.001],[-120.368,48.152],[-120.321,48.167],[-119.81,47.865],[-119.738,47.834],[-119.47899999999998,47.451],[-119.50400000000002,47.464],[-119.453,47.435],[-119.471,47.437],[-118.43099999999998,46.69],[-118.398,46.692],[-118.445,46.7],[-118.424,46.694],[-118.374,46.701],[-117.84100000000001,46.29],[-117.918,46.311],[-117.19200000000001,46.102],[-117.239,46.091],[-117.22399999999999,46.093],[-117.16899999999998,46.051],[-116.97899999999998,45.953],[-116.94900000000001,45.955],[-116.96800000000002,45.954],[-116.988,46.035],[-116.805,45.902],[-116.779,45.891],[-116.77100000000002,45.888],[-116.52600000000001,45.809],[-116.828,44.951],[-116.525,42.845],[-116.50999999999999,42.84],[-116.51499999999999,42.835],[-116.24200000000002,42.546],[-116.23399999999998,42.584],[-114.50799999999998,42.143],[-114.548,42.147],[-114.52699999999999,42.109],[-114.505,42.084],[-114.13299999999998,42.059],[-114.076,41.998],[-113.75999999999999,42.024],[-112.202,42.148],[-112.209,42.141],[-112.112,42.041],[-112.114,42.041],[-112.112,42.046],[-112.136,42.097],[-112.06900000000002,42.085],[-112.059,42.104],[-112.065,42.1],[-111.995,42.031],[-111.60500000000002,41.105],[-111.60399999999998,41.101],[-111.606,41.101],[-111.60899999999998,41.101],[-110.94200000000001,40.376],[-110.9,40.366],[-108.743,38.27],[-108.685,38.241],[-108.69,38.24],[-108.691,38.242],[-107.309,36.563],[-107.275,36.52],[-107.245,36.545],[-107.362,34.719],[-107.32400000000001,34.637],[-107.322,34.723],[-105.31799999999998,33.006],[-105.32,33.048],[-105.14699999999999,32.966],[-105.162,32.974],[-104.95400000000001,32.956],[-105.031,32.943],[-105.037,32.939],[-105.02800000000002,32.941],[-105.112,32.927],[-105.082,32.949],[-105.053,32.939],[-105.095,32.951],[-105.061,32.957],[-105.09800000000001,32.931],[-105.112,32.928],[-105.088,32.943],[-105.053,32.873],[-105.059,32.89],[-105.055,32.874],[-105.05099999999999,32.818],[-105.10399999999998,32.923],[-105.084,32.925],[-104.98399999999998,32.921],[-104.94799999999998,32.938],[-104.99200000000002,32.924],[-104.957,32.932],[-105.041,32.921],[-105.03899999999999,32.948],[-105.02199999999999,32.924],[-105.055,32.919],[-105.05000000000001,32.904],[-105.14499999999998,32.945],[-105.09899999999999,32.934],[-105.118,32.98],[-105.118,32.982],[-105.02100000000002,32.924],[-105.03899999999999,32.915],[-105.017,32.924],[-104.976,32.932],[-105.00900000000001,32.961],[-105.11000000000001,32.954],[-105.09,32.959],[-105.06299999999999,32.957],[-105.07499999999999,32.788],[-105.124,32.83],[-105.102,32.821],[-105.11700000000002,32.861],[-105.112,32.83],[-105.072,32.818],[-105.04599999999999,32.83],[-105.12299999999999,32.98],[-105.14100000000002,32.985],[-105.19200000000001,32.972],[-105.043,33.008],[-105.03199999999998,33.004],[-105.03800000000001,33.009],[-105.06700000000001,32.979],[-105.11599999999999,32.931],[-104.99700000000001,32.985],[-105.09300000000002,32.952],[-105.082,32.95],[-105.08600000000001,32.969],[-105.09699999999998,32.958],[-105.102,32.957],[-105.524,33.062],[-105.13299999999998,33.294],[-105.12900000000002,33.195],[-105.13400000000001,33.221],[-105.22300000000001,33.211],[-105.358,33.174],[-105.429,33.21],[-105.38299999999998,33.155],[-105.37099999999998,33.156],[-105.106,32.943],[-105.06799999999998,32.939],[-105.11700000000002,32.956],[-105.102,32.951],[-105.143,32.947],[-105.10899999999998,32.956],[-105.11700000000002,32.95],[-105.11700000000002,32.956],[-105.061,32.976],[-105.10899999999998,32.962],[-105.12,32.948],[-105.107,32.953],[-105.09300000000002,32.95],[-105.13400000000001,32.943],[-105.06900000000002,32.969],[-105.09199999999998,32.976],[-105.09699999999998,32.958],[-105.09800000000001,32.963],[-105.119,32.978],[-105.144,32.946],[-105.106,32.933],[-105.10500000000002,32.967],[-105.078,32.953],[-105.113,32.94],[-105.08600000000001,32.946],[-105.113,32.945],[-105.09800000000001,32.954],[-105.072,32.945],[-105.09300000000002,32.956],[-105.094,32.954],[-105.09800000000001,32.959],[-105.10399999999998,32.945],[-105.094,32.949],[-105.095,32.955],[-105.08600000000001,32.985],[-105.1,32.959],[-105.1,32.958],[-105.11500000000001,32.879],[-105.06299999999999,32.944],[-105.13499999999999,32.936],[-105.11599999999999,32.976],[-105.12299999999999,32.983],[-105.09899999999999,32.975],[-105.07499999999999,32.93],[-105.08100000000002,32.954],[-105.102,32.924],[-105.113,32.945],[-105.1,32.946],[-105.09,32.968],[-105.09199999999998,32.955],[-105.10300000000001,32.979],[-105.107,32.992],[-105.083,32.97],[-105.107,32.938],[-105.09899999999999,32.95],[-105.094,32.959],[-105.16300000000001,32.963],[-105.09300000000002,32.958],[-105.12700000000001,32.959],[-105.15199999999999,32.942],[-105.15199999999999,32.966],[-105.08699999999999,32.953],[-105.113,32.981],[-105.10300000000001,32.942],[-105.089,32.955],[-105.26600000000002,33.018],[-105.293,33.064],[-105.28199999999998,33.071],[-105.1,32.96],[-105.107,32.952],[-105.035,32.948],[-105.09,32.934],[-105.10500000000002,32.992],[-105.554,33.796],[-105.548,33.804],[-105.548,33.8],[-106.892,37.561],[-110.088,39.567],[-110.202,39.595],[-110.405,39.731],[-111.535,39.956],[-114.99799999999999,40.936],[-115.08100000000002,40.985],[-115.071,41.005],[-115.061,40.993],[-115.417,41.312],[-115.417,41.317],[-115.40100000000001,41.313],[-115.43099999999998,41.313],[-115.446,41.299],[-115.42099999999999,41.31],[-115.309,41.306],[-120.45400000000001,44.531],[-120.726,44.572],[-120.732,44.573],[-120.71699999999998,44.574],[-121.452,47.063],[-121.68700000000001,47.339],[-121.63,47.52],[-123.94999999999999,50.756],[-127.18700000000001,52.184],[-127.15699999999998,52.223],[-128.255,54.452],[-128.297,54.459],[-128.376,54.363],[-128.422,54.319],[-128.358,54.35],[-127.999,54.28],[-128.154,54.014],[-128.0,53.948]]},"properties":{"id":"37301b","sex":"m","lifeStage":"SY","site":"Chelan Ridge, WA","start":"2003-10-05 10:29:00.000","end":"2004-07-13 02:16:34.000","n":251,"sensor":"argos"}},{"type":"Feature","geometry":{"type":"Point","coordinates":[-120.094,48.02]},"properties":{"id":"37301b","kind":"start","t":"2003-10-05 10:29:00.000"}},{"type":"Feature","geometry":{"type":"Point","coordinates":[-128.0,53.948]},"properties":{"id":"37301b","kind":"end","t":"2004-07-13 02:16:34.000"}},{"type":"Feature","geometry":{"type":"LineString","coordinates":[[-106.411,34.704],[-105.88900000000001,34.843],[-105.918,34.9],[-105.892,34.911],[-105.799,34.928],[-105.75799999999998,34.95],[-105.85,34.965],[-105.87700000000001,34.905],[-105.91899999999998,34.915],[-105.73399999999998,34.946],[-105.75400000000002,34.958],[-105.86700000000002,34.964],[-105.87900000000002,34.929],[-105.90300000000002,34.893],[-105.87200000000001,35.004],[-105.86000000000001,34.887],[-105.89699999999999,35.018],[-105.78399999999999,34.883],[-105.804,34.89],[-105.762,34.888],[-105.82,34.885],[-105.781,34.852],[-105.85399999999998,34.898],[-105.89699999999999,34.868],[-105.81700000000001,34.877],[-105.53399999999999,34.782],[-105.59,34.757],[-105.876,35.356],[-105.87799999999999,35.358],[-105.65699999999998,34.852],[-105.77800000000002,34.821],[-105.94999999999999,34.891],[-105.906,34.913],[-105.912,34.924],[-105.87900000000002,34.93],[-105.838,34.926],[-105.83100000000002,34.953],[-105.834,34.944],[-105.89100000000002,34.961],[-105.977,34.998],[-105.84100000000001,34.866],[-105.87700000000001,34.929],[-105.863,34.94],[-105.87900000000002,34.927],[-105.90199999999999,34.907],[-105.928,34.941],[-105.92500000000001,34.933],[-105.947,34.893],[-105.94799999999998,34.895],[-105.88499999999999,34.808],[-105.851,34.796],[-105.84,34.803],[-105.79000000000002,34.828],[-105.78300000000002,34.855],[-105.80599999999998,34.851],[-105.78899999999999,34.867],[-105.846,34.841],[-105.84699999999998,34.845],[-105.85899999999998,34.841],[-105.441,34.917],[-105.429,34.862],[-105.422,34.905],[-105.41899999999998,34.906],[-105.725,34.873],[-105.744,34.87],[-105.87700000000001,34.922],[-105.868,34.916],[-105.90800000000002,34.895],[-105.86599999999999,34.867],[-105.886,34.879],[-105.887,34.879],[-105.882,34.878],[-105.80099999999999,34.948],[-105.86000000000001,34.862],[-105.87700000000001,34.845],[-105.89100000000002,34.908],[-105.876,34.912],[-106.00400000000002,34.901],[-105.96800000000002,34.905],[-105.989,34.919],[-106.011,34.929],[-105.964,34.929],[-105.797,34.806],[-105.76499999999999,34.788],[-105.78,34.833],[-105.88400000000001,34.871],[-105.844,34.843],[-105.857,34.85],[-105.965,34.874],[-105.97399999999999,34.93],[-105.957,34.92],[-105.982,34.927],[-105.97300000000001,35.008],[-105.906,34.869],[-105.856,34.847],[-105.987,34.903],[-105.971,34.919],[-105.92700000000002,34.927],[-105.99099999999999,34.896],[-105.971,34.922],[-105.99000000000001,34.92],[-106.02100000000002,34.912],[-105.96600000000001,34.901],[-105.98500000000001,34.897],[-105.977,34.919],[-105.96600000000001,34.923],[-106.001,34.884],[-105.994,34.908],[-105.93700000000001,34.933],[-105.96199999999999,34.884],[-106.185,35.191],[-106.16399999999999,35.208],[-105.97899999999998,34.922],[-105.94,34.909],[-105.977,34.917],[-106.00299999999999,34.936],[-106.00400000000002,34.936],[-106.11000000000001,35.009],[-106.09699999999998,35.003],[-105.95999999999998,34.928],[-105.92599999999999,34.936],[-105.93,34.908],[-105.57299999999998,35.181],[-105.57499999999999,35.18],[-105.976,34.924],[-105.988,34.941],[-106.03,34.886],[-106.03800000000001,34.934],[-106.07400000000001,34.853],[-105.946,34.942],[-105.84699999999998,34.924],[-105.892,34.959],[-105.72300000000001,35.198],[-105.78399999999999,35.193],[-105.86599999999999,34.926],[-105.86000000000001,34.934],[-105.886,34.928],[-105.726,34.828],[-105.74000000000001,34.822],[-105.715,34.771],[-105.63,34.836],[-105.80799999999999,34.872],[-105.79599999999999,34.866],[-105.87299999999999,34.884],[-106.03,34.946],[-105.863,34.92],[-105.86099999999999,34.915],[-105.81200000000001,34.917],[-105.84699999999998,34.919],[-106.214,35.311],[-106.101,35.286],[-105.75799999999998,34.817],[-105.85500000000002,34.835],[-105.96699999999998,34.936],[-105.981,34.874],[-106.28300000000002,35.26],[-106.281,35.266],[-106.285,35.264],[-105.95600000000002,34.879],[-105.84699999999998,34.945],[-105.87,34.909],[-105.85500000000002,34.906],[-105.88900000000001,34.938],[-105.834,34.888],[-105.876,34.922],[-105.71600000000001,34.949],[-105.87299999999999,34.932],[-105.87200000000001,34.935],[-105.86500000000001,34.912],[-105.881,34.933],[-105.88999999999999,34.912],[-105.805,34.924],[-105.858,34.919],[-105.86599999999999,34.908],[-105.86599999999999,34.927],[-105.86700000000002,34.933],[-105.96199999999999,34.943],[-105.99700000000001,34.873],[-105.89100000000002,34.902],[-105.89499999999998,34.884],[-105.85,34.922],[-105.87700000000001,34.913],[-105.851,34.918],[-105.852,34.914],[-105.815,34.82],[-105.80000000000001,34.931],[-105.85399999999998,34.955],[-105.906,34.89],[-105.82299999999998,35.612],[-107.12,38.242],[-107.132,38.242],[-107.565,41.228],[-107.54000000000002,41.541],[-107.75799999999998,41.726],[-108.436,43.722],[-108.42599999999999,43.74],[-108.39699999999999,43.742],[-108.55200000000002,44.136],[-108.499,44.743],[-108.726,44.775],[-108.662,45.033],[-109.518,46.037],[-109.47,46.039],[-109.45499999999998,46.071],[-109.52699999999999,46.031],[-111.63299999999998,46.906],[-111.667,46.934],[-113.965,47.39],[-113.518,47.4],[-112.263,46.931],[-111.763,46.909],[-110.82400000000001,46.21],[-110.869,46.369],[-111.00900000000001,46.433],[-110.94799999999998,46.423],[-111.006,46.435],[-110.959,46.432],[-111.0,46.424],[-110.69400000000002,46.073],[-110.482,46.073],[-110.40300000000002,46.084],[-110.441,46.013],[-110.70600000000002,45.914],[-110.68299999999999,45.921],[-110.703,46.092],[-110.792,46.097],[-110.661,46.079],[-113.36599999999999,42.271],[-108.64499999999998,44.17],[-108.469,44.113],[-108.89699999999999,44.134],[-108.935,44.127],[-108.49200000000002,44.13],[-108.49799999999999,44.129],[-108.511,44.114],[-108.47399999999999,44.105],[-108.708,44.125],[-108.68799999999999,44.134],[-108.57499999999999,44.334],[-108.618,44.349],[-108.60500000000002,44.322],[-108.64100000000002,44.35],[-108.53899999999999,44.356],[-108.607,44.335],[-108.601,44.327],[-108.61500000000001,44.343],[-108.601,44.341],[-108.64600000000002,44.337],[-108.6,44.345],[-108.60500000000002,44.342],[-108.60300000000001,44.342]]},"properties":{"id":"18549b","sex":"m","lifeStage":"HY","site":"Manzano Mountains, NM","start":"2004-10-10 06:15:00.000","end":"2005-08-31 14:26:41.000","n":251,"sensor":"argos"}},{"type":"Feature","geometry":{"type":"Point","coordinates":[-106.411,34.704]},"properties":{"id":"18549b","kind":"start","t":"2004-10-10 06:15:00.000"}},{"type":"Feature","geometry":{"type":"Point","coordinates":[-108.60300000000001,44.342]},"properties":{"id":"18549b","kind":"end","t":"2005-08-31 14:26:41.000"}},{"type":"Feature","geometry":{"type":"LineString","coordinates":[[-121.4,45.277],[-118.46600000000001,40.395],[-115.071,38.988],[-111.838,38.362],[-111.54000000000002,38.162],[-111.87,38.329],[-110.28800000000001,37.449],[-106.571,36.011],[-107.81,33.318],[-108.27800000000002,33.556],[-108.237,33.494],[-107.43700000000001,33.869],[-109.78899999999999,33.135],[-107.16,36.338],[-107.112,36.33],[-106.957,36.421],[-106.874,36.296],[-106.869,36.518],[-107.06,36.42],[-106.993,36.583],[-107.07499999999999,36.59],[-107.106,36.618],[-107.131,36.653],[-107.144,36.35],[-107.12,36.464],[-106.982,36.569],[-106.97300000000001,36.58],[-107.053,36.569],[-106.845,36.411],[-109.352,38.15],[-115.69999999999999,39.086],[-123.43,44.317],[-124.612,56.681],[-125.608,59.118],[-126.81700000000001,60.009],[-127.63299999999998,65.106],[-132.902,68.232],[-131.597,68.14],[-130.048,69.529],[-130.095,69.544],[-144.402,67.612],[-144.461,67.603],[-144.875,69.669],[-144.905,69.689],[-149.041,69.777],[-145.144,69.761],[-145.547,69.72],[-145.788,69.671],[-145.457,69.678],[-145.248,69.724],[-144.387,69.77],[-142.68,69.554],[-142.905,69.389],[-142.83,69.338],[-141.041,69.064],[-141.138,69.027],[-140.137,68.89],[-140.205,68.907],[-140.211,68.899],[-140.359,68.572],[-139.982,68.485],[-139.96,68.473],[-142.442,65.463],[-135.254,60.588],[-134.113,59.544],[-135.131,60.54],[-135.674,60.527],[-135.94,60.501],[-137.831,60.025],[-137.871,60.01],[-137.905,59.99],[-137.999,60.042],[-137.775,60.008],[-137.879,59.973],[-132.126,59.33],[-131.688,59.022],[-130.893,58.769],[-129.946,58.495],[-124.10399999999998,55.825],[-123.06200000000001,55.179],[-119.822,52.176],[-118.64600000000002,51.658],[-118.095,50.878],[-115.68,49.013],[-114.531,48.018],[-113.88900000000001,46.905],[-112.81799999999998,45.687],[-112.809,43.838],[-115.43200000000002,43.194],[-115.292,42.933],[-115.37299999999999,42.802],[-115.35500000000002,42.806],[-115.237,42.792],[-115.21600000000001,42.734],[-114.10399999999998,40.949],[-114.06299999999999,39.105],[-113.39100000000002,38.721],[-112.17000000000002,38.381],[-108.814,38.358],[-107.07,36.554],[-107.00999999999999,36.588],[-106.76499999999999,36.397],[-106.54000000000002,36.896],[-109.14499999999998,38.648],[-112.63400000000001,38.533],[-112.959,39.342],[-118.75200000000001,38.353],[-119.43799999999999,38.969],[-116.47,38.654],[-114.547,39.79],[-114.57,39.767],[-117.769,54.114],[-117.65199999999999,55.518],[-117.64499999999998,55.517],[-120.471,59.487],[-124.844,62.539],[-124.82400000000001,62.69],[-129.191,66.216],[-131.9,69.206],[-132.012,69.138],[-131.952,69.149],[-127.05799999999999,67.83],[-126.99799999999999,67.856],[-122.721,69.123],[-128.113,69.802],[-133.104,67.682],[-124.86000000000001,69.453],[-124.738,69.449],[-124.44200000000001,69.438],[-124.487,69.446],[-124.548,69.455],[-124.53399999999999,69.413],[-124.512,69.457],[-124.85300000000001,69.455],[-124.791,69.449],[-124.738,69.484],[-124.59199999999998,69.474],[-124.51600000000002,69.466],[-124.624,69.45],[-124.45999999999998,69.412],[-124.56299999999999,69.432],[-124.53199999999998,69.431],[-124.53399999999999,69.38],[-124.488,69.443],[-124.61000000000001,69.485],[-124.606,69.446],[-124.56,69.424],[-124.54599999999999,69.475],[-124.285,69.537],[-124.53899999999999,69.471],[-124.50900000000001,69.509],[-124.56700000000001,69.382],[-124.826,69.195],[-124.83499999999998,68.91],[-123.42099999999999,68.602],[-122.16300000000001,67.101],[-125.463,65.213],[-124.09300000000002,64.341],[-124.083,64.336],[-123.613,60.578],[-123.281,60.163],[-121.66899999999998,59.283],[-121.62900000000002,59.305],[-118.887,58.732],[-117.453,58.354],[-116.435,58.078],[-116.31200000000001,58.021],[-116.31,57.671],[-116.12,57.163],[-116.14600000000002,57.19],[-113.98000000000002,55.416],[-113.56900000000002,55.08],[-112.97899999999998,54.332],[-111.821,52.763],[-111.428,50.77],[-108.58600000000001,50.285],[-107.144,50.777],[-107.0,50.705],[-107.14100000000002,49.952],[-107.412,49.953],[-107.351,49.773],[-107.43200000000002,49.781],[-107.369,49.809],[-107.62900000000002,49.946],[-107.529,49.91],[-107.45999999999998,49.929],[-107.523,49.955],[-107.50999999999999,49.904],[-107.548,49.869],[-107.495,49.915],[-107.54000000000002,49.912],[-107.59800000000001,49.887],[-107.535,49.921],[-107.55000000000001,49.926],[-107.517,49.894],[-107.43799999999999,50.032],[-107.53199999999998,49.905],[-107.512,49.905],[-107.531,49.894],[-107.69999999999999,49.911],[-107.59100000000001,49.849],[-112.405,52.506],[-122.875,55.577],[-129.762,58.972],[-134.469,59.918],[-138.212,64.905],[-136.019,67.29],[-133.145,68.792],[-133.268,68.725],[-131.554,68.391],[-130.389,68.569],[-130.372,68.561],[-126.94200000000001,69.392],[-128.605,68.72],[-128.583,68.752],[-128.733,68.728],[-128.6,68.785],[-128.559,68.751],[-128.538,68.776],[-128.636,68.817],[-125.91300000000001,69.111],[-125.779,69.086],[-125.757,69.084],[-125.775,69.081],[-125.76600000000002,69.091],[-125.83600000000001,69.126],[-125.82,69.073],[-125.74200000000002,69.103],[-125.74700000000001,69.076],[-125.882,69.096],[-125.79500000000002,69.081],[-125.625,68.842],[-125.636,68.863],[-124.74799999999999,68.722],[-124.851,68.571],[-130.966,66.429],[-132.199,66.113],[-130.207,61.754],[-127.5,60.831],[-123.881,59.48],[-119.65199999999999,58.431],[-119.75799999999998,58.399],[-108.00999999999999,49.584],[-107.37700000000001,50.0],[-107.309,49.982],[-107.465,50.013],[-107.582,49.948],[-107.65100000000001,49.698],[-107.46600000000001,50.046],[-107.47,50.031],[-107.471,50.038]]},"properties":{"id":"21260c","sex":"m","lifeStage":"HY","site":"Bonney Butte, OR","start":"2005-10-23 10:35:00.000","end":"2008-11-16 16:31:42.000","n":251,"sensor":"argos"}},{"type":"Feature","geometry":{"type":"Point","coordinates":[-121.4,45.277]},"properties":{"id":"21260c","kind":"start","t":"2005-10-23 10:35:00.000"}},{"type":"Feature","geometry":{"type":"Point","coordinates":[-107.471,50.038]},"properties":{"id":"21260c","kind":"end","t":"2008-11-16 16:31:42.000"}},{"type":"Feature","geometry":{"type":"LineString","coordinates":[[-106.411,34.704],[-105.63499999999999,34.843],[-105.17000000000002,34.448],[-105.268,34.421],[-105.16899999999998,34.451],[-105.16399999999999,34.455],[-105.00900000000001,34.402],[-105.035,34.403],[-104.93799999999999,34.47],[-105.186,34.442],[-105.17099999999999,34.442],[-105.072,34.195],[-104.971,34.218],[-104.46800000000002,33.936],[-104.46800000000002,33.945],[-103.26099999999997,33.573],[-103.28700000000003,33.572],[-103.33100000000002,33.607],[-103.27800000000002,33.632],[-103.27800000000002,33.614],[-104.21800000000002,34.1],[-104.166,34.11],[-104.76600000000002,34.313],[-104.82,34.297],[-103.96100000000001,34.1],[-102.97000000000003,33.267],[-103.03800000000001,33.313],[-103.17700000000002,34.075],[-103.16300000000001,34.095],[-103.793,32.965],[-103.84500000000003,32.998],[-103.84000000000003,32.998],[-103.28499999999997,33.163],[-103.37200000000001,32.981],[-103.24000000000001,33.193],[-103.27699999999999,33.213],[-104.172,33.143],[-104.172,33.042],[-104.174,33.191],[-104.18700000000001,33.133],[-104.149,33.183],[-103.24000000000001,33.402],[-103.281,33.383],[-103.26400000000001,33.374],[-103.33100000000002,33.37],[-103.255,33.374],[-103.231,33.378],[-103.24000000000001,33.046],[-103.231,33.053],[-103.20799999999997,33.051],[-103.26600000000002,33.033],[-103.28199999999998,33.048],[-103.25400000000002,33.034],[-103.19299999999998,33.317],[-103.106,33.35],[-103.39600000000002,33.024],[-103.33299999999997,33.535],[-103.293,33.522],[-103.27499999999998,33.542],[-103.30700000000002,33.512],[-103.23500000000001,33.038],[-103.255,33.058],[-103.25599999999997,33.054],[-103.178,33.03],[-103.257,32.994],[-103.22199999999998,33.045],[-103.34500000000003,33.117],[-103.36400000000003,33.118],[-103.327,33.113],[-103.34899999999999,33.365],[-103.269,33.412],[-103.31600000000003,33.38],[-103.34199999999998,33.404],[-103.26800000000003,33.383],[-103.26600000000002,33.388],[-103.291,33.386],[-103.279,33.388],[-103.267,33.373],[-103.293,33.398],[-103.27199999999999,33.388],[-103.25900000000001,33.379],[-103.27100000000002,33.38],[-103.28499999999997,33.386],[-103.31700000000001,33.394],[-103.37700000000001,33.372],[-103.19900000000001,33.383],[-103.23399999999998,33.375],[-103.36599999999999,33.344],[-103.33799999999997,33.385],[-103.34300000000002,33.387],[-103.327,33.364],[-103.327,33.385],[-103.34300000000002,33.394],[-103.26300000000003,33.342],[-103.27199999999999,33.387],[-103.332,33.388],[-103.25,33.343],[-103.31700000000001,33.398],[-103.32499999999999,33.388],[-103.33499999999998,33.386],[-103.33699999999999,33.432],[-103.21800000000002,33.337],[-103.118,33.375],[-103.36400000000003,33.463],[-103.351,33.439],[-103.30599999999998,33.468],[-103.18099999999998,33.359],[-103.195,33.376],[-103.17899999999997,33.363],[-103.493,33.399],[-103.44600000000003,33.469],[-104.12200000000001,34.478],[-104.096,34.485],[-104.957,34.232],[-104.939,34.232],[-105.031,34.384],[-105.01600000000002,34.347],[-105.05000000000001,34.217],[-105.04399999999998,34.212],[-105.05700000000002,34.211],[-105.107,34.192],[-105.059,34.219],[-105.023,34.302],[-105.21699999999998,34.444],[-105.21699999999998,34.459],[-105.19999999999999,34.454],[-105.20600000000002,34.456],[-104.75799999999998,34.377],[-104.85899999999998,34.39],[-104.864,34.406],[-105.018,34.788],[-104.625,34.39],[-105.26600000000002,34.399],[-105.275,34.396],[-105.21699999999998,34.462],[-105.257,34.473],[-105.21800000000002,34.447],[-105.213,34.437],[-105.26400000000001,34.449],[-105.20499999999998,34.453],[-105.662,37.328],[-107.957,40.839],[-107.816,40.848],[-107.816,40.892],[-108.06,42.194],[-108.055,42.194],[-108.05099999999999,42.188],[-108.07299999999998,42.149],[-108.029,42.192],[-108.01400000000001,42.188],[-107.678,42.95],[-108.024,43.23],[-108.035,43.278],[-107.24799999999999,42.833],[-107.22399999999999,42.853],[-107.26499999999999,42.844],[-107.013,42.928],[-107.185,42.752],[-107.19799999999998,42.751],[-107.207,42.756],[-107.09800000000001,42.921],[-107.11500000000001,42.902],[-107.09,42.907],[-110.52199999999999,45.706],[-110.31,45.866],[-110.607,47.206],[-110.721,47.39],[-110.608,47.362],[-110.525,47.358],[-113.911,50.175],[-113.952,50.157],[-113.936,50.16],[-113.91300000000001,50.17],[-113.94900000000001,50.161],[-113.708,49.893],[-113.65199999999999,49.895],[-113.231,49.806],[-112.07400000000001,48.016],[-112.05099999999999,47.877],[-112.05700000000002,47.805],[-111.523,47.571],[-111.51499999999999,47.221],[-111.54500000000002,47.21],[-111.62299999999999,47.209],[-111.578,47.217],[-111.52100000000002,47.281],[-111.62700000000001,47.306],[-111.58699999999999,47.26],[-111.62,47.267],[-111.696,47.255],[-111.63999999999999,47.258],[-111.69299999999998,47.249],[-111.64100000000002,47.256],[-111.674,47.255],[-113.59,47.768],[-113.583,47.773],[-113.588,47.775],[-113.207,48.978],[-113.16899999999998,49.0],[-113.10899999999998,49.02],[-113.18099999999998,48.981],[-113.59199999999998,48.929],[-113.48599999999999,48.938],[-114.268,49.076],[-114.30599999999998,49.242],[-114.31,49.23],[-113.93200000000002,50.178],[-113.93,50.16],[-113.172,48.921],[-113.231,48.946],[-113.17599999999999,48.937],[-113.245,48.949],[-113.28199999999998,48.953],[-113.064,48.986],[-113.05599999999998,48.999],[-113.07299999999998,48.991],[-113.356,49.064],[-113.34300000000002,49.059],[-113.303,49.075],[-113.928,50.148],[-113.90199999999999,50.148],[-113.92500000000001,50.149],[-113.91899999999998,50.142],[-113.94200000000001,50.152],[-113.898,50.139],[-113.862,50.14],[-113.839,50.092],[-112.786,47.719],[-112.803,47.714],[-111.65199999999999,47.007],[-111.613,46.99],[-111.61599999999999,46.994],[-111.638,46.997],[-111.65100000000001,46.995],[-111.68099999999998,46.989],[-111.975,45.451],[-111.98000000000002,45.457],[-111.987,45.445],[-111.946,45.455],[-111.957,45.156],[-111.953,45.172],[-112.713,44.95],[-112.77800000000002,44.877],[-112.34,45.155],[-111.49099999999999,47.052],[-111.72199999999998,47.013],[-111.67000000000002,47.01],[-111.674,47.011],[-111.67599999999999,47.013],[-111.672,47.026],[-111.69799999999998,47.018]]},"properties":{"id":"37303a","sex":"f","lifeStage":"HY","site":"Manzano Mountains, NM","start":"2002-10-15 07:55:00.000","end":"2003-09-07 22:00:53.000","n":251,"sensor":"argos"}},{"type":"Feature","geometry":{"type":"Point","coordinates":[-106.411,34.704]},"properties":{"id":"37303a","kind":"start","t":"2002-10-15 07:55:00.000"}},{"type":"Feature","geometry":{"type":"Point","coordinates":[-111.69799999999998,47.018]},"properties":{"id":"37303a","kind":"end","t":"2003-09-07 22:00:53.000"}},{"type":"Feature","geometry":{"type":"LineString","coordinates":[[-121.4,45.277],[-121.612,45.258],[-121.54000000000002,45.253],[-121.588,45.254],[-120.30200000000002,45.057],[-120.30700000000002,45.065],[-120.24799999999999,45.027],[-120.30099999999999,45.017],[-120.32400000000001,45.011],[-120.108,45.008],[-120.143,45.054],[-120.154,44.99],[-120.12099999999998,44.965],[-120.184,44.942],[-120.215,44.935],[-120.412,44.964],[-120.19400000000002,45.007],[-120.298,45.031],[-120.321,45.031],[-120.375,45.208],[-120.601,45.255],[-120.512,45.261],[-120.56799999999998,45.24],[-120.489,45.203],[-120.41300000000001,45.187],[-120.42500000000001,45.2],[-120.388,45.196],[-120.68700000000001,45.164],[-120.58699999999999,45.176],[-120.63999999999999,45.149],[-121.07999999999998,45.34],[-121.018,45.335],[-120.91500000000002,45.303],[-120.65800000000002,45.344],[-120.54500000000002,45.375],[-120.59199999999998,45.353],[-120.686,45.314],[-120.523,45.381],[-120.38499999999999,45.469],[-120.477,45.464],[-120.25900000000001,45.169],[-120.279,45.174],[-120.31,45.043],[-120.27800000000002,45.022],[-120.32299999999998,45.033],[-120.29500000000002,45.043],[-120.275,45.025],[-120.916,45.044],[-120.963,45.037],[-121.00400000000002,45.016],[-120.858,45.223],[-120.809,45.192],[-120.83699999999999,45.188],[-120.60899999999998,44.987],[-120.578,44.981],[-120.583,44.975],[-120.559,44.992],[-120.506,45.036],[-120.566,44.975],[-120.482,44.968],[-120.81200000000001,44.925],[-120.596,44.973],[-120.608,44.97],[-120.595,44.974],[-120.58499999999998,44.973],[-120.351,45.297],[-120.369,45.305],[-120.352,45.291],[-120.30099999999999,45.266],[-120.755,45.099],[-120.726,45.148],[-120.59100000000001,45.17],[-120.62200000000001,45.136],[-120.43099999999998,45.189],[-120.398,45.194],[-120.311,45.166],[-120.578,45.087],[-120.661,45.159],[-120.59300000000002,45.176],[-120.561,45.166],[-120.65199999999999,45.121],[-120.662,45.088],[-120.643,45.14],[-120.66,45.151],[-120.22,45.354],[-120.197,45.329],[-120.16899999999998,45.164],[-120.27699999999999,45.127],[-120.257,45.127],[-120.207,45.144],[-120.059,45.04],[-120.05200000000002,45.049],[-120.19799999999998,45.03],[-120.21199999999999,45.038],[-120.19,45.032],[-120.232,45.069],[-120.119,44.98],[-120.24099999999999,45.0],[-120.33600000000001,44.972],[-120.25900000000001,44.995],[-120.26499999999999,44.984],[-120.232,44.994],[-120.66,45.152],[-120.60899999999998,45.144],[-120.74099999999999,45.168],[-120.73599999999999,45.139],[-120.74099999999999,45.138],[-120.762,45.121],[-120.803,45.149],[-120.882,45.21],[-120.868,45.213],[-120.88900000000001,45.208],[-120.84699999999998,45.201],[-120.929,45.274],[-121.04399999999998,45.239],[-121.05799999999999,45.241],[-120.97,45.245],[-121.006,45.25],[-120.96600000000001,45.244],[-120.93799999999999,45.229],[-121.01600000000002,45.235],[-121.007,45.239],[-120.96800000000002,45.263],[-121.02100000000002,45.225],[-121.28399999999999,45.185],[-121.32,45.203],[-121.215,45.285],[-121.214,45.288],[-121.162,45.275],[-121.24000000000001,45.275],[-121.27199999999999,45.291],[-121.209,45.32],[-120.928,45.469],[-121.024,45.341],[-121.00299999999999,45.362],[-120.46699999999998,45.298],[-120.417,45.315],[-120.976,45.244],[-121.21600000000001,45.313],[-121.15300000000002,45.256],[-121.11099999999999,45.249],[-121.201,45.301],[-121.214,45.297],[-121.219,45.33],[-121.25299999999999,45.299],[-121.28899999999999,45.307],[-120.75,45.127],[-120.74700000000001,45.187],[-120.64100000000002,45.067],[-120.52699999999999,45.041],[-120.63400000000001,44.957],[-120.76400000000001,45.014],[-120.642,45.042],[-120.82499999999999,45.344],[-120.85,45.335],[-120.74599999999998,45.356],[-120.708,45.33],[-120.92099999999999,45.118],[-120.85500000000002,45.115],[-120.912,45.119],[-120.99599999999998,45.323],[-121.02100000000002,45.376],[-121.17700000000002,45.412],[-120.94799999999998,45.324],[-121.041,45.428],[-120.85500000000002,45.218],[-120.857,45.226],[-120.811,45.266],[-120.904,45.247],[-120.805,45.25],[-120.799,45.256],[-121.05000000000001,45.143],[-121.03199999999998,45.113],[-121.031,45.157],[-120.85300000000001,45.197],[-120.81,45.244],[-120.32999999999998,45.352],[-120.26999999999998,45.357],[-119.977,45.224],[-119.93799999999999,45.237],[-120.37900000000002,45.221],[-120.351,45.216],[-120.36700000000002,45.226],[-120.36099999999999,44.971],[-120.29599999999999,45.013],[-120.31299999999999,45.012],[-120.351,45.02],[-120.63,45.168],[-120.63999999999999,45.149],[-120.59699999999998,45.197],[-120.702,45.069],[-120.87700000000001,45.279],[-120.828,45.269],[-120.911,45.261],[-120.96600000000001,45.303],[-120.953,45.305],[-120.832,45.281],[-120.89600000000002,45.264],[-120.87299999999999,45.292],[-120.86500000000001,45.273],[-120.85300000000001,45.284],[-120.86000000000001,45.277],[-120.88499999999999,45.27],[-120.84,45.281],[-121.031,45.121],[-121.119,45.108],[-120.98500000000001,45.116],[-120.89600000000002,45.276],[-120.90800000000002,45.244],[-120.911,45.252],[-120.79000000000002,45.264],[-120.84199999999998,45.213],[-120.95999999999998,45.359],[-120.97199999999998,45.354],[-120.934,45.268],[-120.888,45.305],[-120.898,45.253],[-120.85,45.299],[-120.828,45.322],[-120.91500000000002,45.28],[-120.856,45.277],[-120.81299999999999,45.278],[-120.874,45.271],[-120.88299999999998,45.285],[-120.90699999999998,45.268],[-120.87799999999999,45.283],[-120.737,45.295],[-120.95499999999998,45.301],[-120.874,45.287],[-120.84300000000002,45.277],[-120.811,45.288],[-119.65199999999999,45.182],[-119.61000000000001,45.196],[-119.63900000000001,45.195],[-119.59199999999998,45.2],[-119.61000000000001,45.202],[-119.44400000000002,45.241],[-119.434,45.218],[-119.41500000000002,45.241],[-119.44999999999999,45.231],[-119.458,45.181],[-119.434,45.237],[-119.43700000000001,45.21],[-119.42599999999999,45.245],[-119.51999999999998,45.229],[-119.46800000000002,45.254],[-120.99099999999999,45.119],[-120.94900000000001,45.119],[-120.685,45.076],[-120.52800000000002,45.043],[-120.59300000000002,45.031]]},"properties":{"id":"26401b","sex":"m","lifeStage":"SY","site":"Bonney Butte, OR","start":"2004-09-30 09:11:00.000","end":"2005-05-28 21:12:23.000","n":251,"sensor":"argos"}},{"type":"Feature","geometry":{"type":"Point","coordinates":[-121.4,45.277]},"properties":{"id":"26401b","kind":"start","t":"2004-09-30 09:11:00.000"}},{"type":"Feature","geometry":{"type":"Point","coordinates":[-120.59300000000002,45.031]},"properties":{"id":"26401b","kind":"end","t":"2005-05-28 21:12:23.000"}},{"type":"Feature","geometry":{"type":"LineString","coordinates":[[-106.411,34.704],[-106.197,34.522],[-104.96600000000001,33.523],[-105.01999999999998,33.566],[-105.013,33.562],[-105.03399999999999,33.571],[-105.024,33.545],[-104.988,33.557],[-105.019,33.561],[-103.132,33.04],[-103.11700000000002,33.044],[-103.144,33.05],[-103.12900000000002,33.053],[-102.06799999999998,30.811],[-102.07999999999998,30.813],[-102.048,30.803],[-102.06100000000004,30.814],[-102.041,30.805],[-100.96699999999998,31.032],[-100.94299999999998,31.038],[-101.238,31.425],[-101.24700000000001,31.43],[-101.21800000000002,31.426],[-101.23699999999997,31.423],[-101.219,31.416],[-101.19400000000002,31.416],[-101.51300000000003,31.419],[-99.51099999999997,28.523],[-99.50900000000001,28.509],[-99.45400000000001,28.524],[-99.45499999999998,28.526],[-99.49900000000002,28.52],[-99.46100000000001,28.534],[-99.50299999999999,28.571],[-101.195,28.812],[-101.21299999999997,28.812],[-101.19999999999999,28.803],[-102.233,31.774],[-102.269,31.799],[-102.21800000000002,31.768],[-102.21600000000001,31.768],[-102.202,31.768],[-102.20100000000002,31.748],[-102.18200000000002,31.739],[-102.19400000000002,31.751],[-102.13099999999997,31.756],[-102.10199999999998,31.704],[-102.11099999999999,31.705],[-102.05799999999999,31.725],[-102.07900000000001,31.718],[-102.10300000000001,31.717],[-102.08499999999998,31.713],[-102.113,31.712],[-102.06900000000002,31.719],[-102.11000000000001,31.715],[-102.09000000000003,31.716],[-102.11500000000001,31.71],[-102.11900000000003,31.713],[-102.094,31.706],[-102.11900000000003,31.713],[-102.09800000000001,31.706],[-102.08699999999999,31.72],[-102.04000000000002,31.749],[-102.10500000000002,31.725],[-102.09100000000001,31.669],[-102.07100000000003,31.721],[-102.14300000000003,31.702],[-102.09199999999998,31.723],[-102.029,31.736],[-102.11199999999997,31.719],[-102.00999999999999,31.678],[-102.08799999999997,31.725],[-102.12400000000002,31.718],[-102.09699999999998,31.747],[-102.11900000000003,31.723],[-102.11000000000001,31.721],[-102.106,31.715],[-102.06600000000003,31.708],[-102.084,31.709],[-102.03300000000002,31.702],[-102.06100000000004,31.695],[-102.08100000000002,31.707],[-102.10199999999998,31.722],[-102.113,31.707],[-102.07900000000001,31.72],[-102.09000000000003,31.736],[-102.12900000000002,31.778],[-102.09899999999999,31.728],[-102.12299999999999,31.692],[-102.08100000000002,31.722],[-102.072,31.715],[-102.08699999999999,31.719],[-102.12200000000001,31.708],[-102.08299999999997,31.716],[-102.11700000000002,31.707],[-102.094,31.71],[-102.113,31.717],[-102.04899999999998,31.698],[-102.108,31.713],[-101.995,31.69],[-102.09300000000002,31.712],[-102.10399999999998,31.711],[-102.05700000000002,31.713],[-102.16300000000001,31.702],[-102.07,31.716],[-102.03800000000001,31.738],[-102.09699999999998,31.713],[-102.084,31.708],[-102.08799999999997,31.714],[-102.08299999999997,31.716],[-102.05700000000002,31.724],[-102.07799999999997,31.714],[-102.053,31.72],[-102.096,31.7],[-102.05399999999997,31.714],[-102.04399999999998,31.712],[-102.06900000000002,31.72],[-102.05200000000002,31.714],[-102.04899999999998,31.709],[-102.084,31.712],[-102.03399999999999,31.717],[-102.053,31.713],[-102.07799999999997,31.712],[-102.05899999999997,31.716],[-102.05899999999997,31.719],[-102.09000000000003,31.71],[-102.05399999999997,31.721],[-101.97300000000001,31.691]]},"properties":{"id":"26359b","sex":"m","lifeStage":"HY","site":"Manzano Mountains, NM","start":"2001-10-04 05:33:00.000","end":"2002-01-14 09:08:38.000","n":128,"sensor":"argos"}},{"type":"Feature","geometry":{"type":"Point","coordinates":[-106.411,34.704]},"properties":{"id":"26359b","kind":"start","t":"2001-10-04 05:33:00.000"}},{"type":"Feature","geometry":{"type":"Point","coordinates":[-101.97300000000001,31.691]},"properties":{"id":"26359b","kind":"end","t":"2002-01-14 09:08:38.000"}},{"type":"Feature","geometry":{"type":"LineString","coordinates":[[-114.27100000000002,40.424],[-114.57400000000001,40.033],[-114.75299999999999,39.344],[-114.601,39.373],[-114.655,39.376],[-114.59100000000001,39.415],[-114.561,39.398],[-114.65,39.427],[-114.582,39.415],[-114.726,39.449],[-114.673,39.427],[-114.70999999999998,39.493],[-114.66399999999999,39.487],[-114.71199999999999,39.286],[-114.66300000000001,39.279],[-114.70400000000001,39.3],[-114.63,39.322],[-114.691,38.457],[-114.60899999999998,38.452],[-114.70400000000001,38.461],[-114.69799999999998,38.494],[-114.75,38.486],[-114.69200000000001,38.458],[-112.863,37.499],[-113.04000000000002,37.503],[-112.957,37.55],[-113.12200000000001,37.528],[-112.96600000000001,37.556],[-112.97300000000001,37.565],[-112.94299999999998,37.561],[-112.98599999999999,37.567],[-112.84899999999999,37.566],[-112.93200000000002,37.559],[-112.92099999999999,37.567],[-112.93,37.573],[-112.93799999999999,37.567],[-112.96699999999998,37.559],[-112.904,37.795],[-112.66500000000002,38.06],[-112.685,38.028],[-112.66300000000001,38.033],[-112.674,38.03],[-112.662,38.035],[-112.65,38.041],[-112.72899999999998,38.058],[-112.56799999999998,38.123],[-112.50400000000002,38.116],[-112.52199999999999,38.11],[-112.50299999999999,38.142],[-112.531,38.105],[-112.638,37.964],[-112.62200000000001,37.966],[-112.607,38.047],[-112.59,38.051],[-112.59199999999998,38.026],[-112.588,38.057],[-112.69799999999998,38.017],[-112.68,38.018],[-112.67099999999999,38.021],[-112.64499999999998,37.964],[-112.68099999999998,38.007],[-112.68799999999999,38.002],[-112.69400000000002,38.017],[-112.69400000000002,38.007],[-112.69400000000002,38.007],[-112.686,38.005],[-112.691,38.004],[-112.666,37.888],[-112.59800000000001,38.016],[-112.67599999999999,38.018],[-112.69200000000001,38.023],[-112.72399999999999,38.002],[-112.67700000000002,38.038],[-112.625,37.971],[-112.678,38.039],[-112.596,37.979],[-112.67700000000002,37.989],[-112.70600000000002,38.015],[-112.71800000000002,38.011],[-112.68700000000001,38.009],[-112.65100000000001,38.026],[-112.684,38.008],[-112.697,38.005],[-112.67000000000002,37.989],[-112.67599999999999,38.014],[-112.97899999999998,38.451],[-112.971,38.413],[-112.976,38.437],[-112.941,38.329],[-112.85500000000002,38.316],[-112.96100000000001,38.326],[-112.96100000000001,38.334],[-112.93799999999999,38.331],[-112.94400000000002,38.327],[-112.85399999999998,38.326],[-112.887,38.337],[-112.95499999999998,38.339],[-112.935,38.328],[-112.80700000000002,38.395],[-112.90800000000002,38.597],[-112.86599999999999,38.585],[-112.799,38.609],[-112.821,38.582],[-112.886,38.503],[-112.86599999999999,38.507],[-112.84100000000001,38.589],[-112.78800000000001,38.601],[-112.875,38.582],[-112.95600000000002,38.292],[-112.93099999999998,38.299],[-112.87900000000002,38.326],[-112.935,38.325],[-112.93,38.325],[-112.94299999999998,38.321],[-112.84699999999998,38.328],[-112.951,38.322],[-112.952,38.343],[-112.93299999999999,38.324],[-112.951,38.413],[-112.87900000000002,38.646],[-112.936,38.415],[-112.911,38.418],[-112.93299999999999,38.414],[-112.923,38.417],[-112.969,38.345],[-112.92599999999999,38.345],[-112.814,38.352],[-112.941,38.318],[-112.934,38.334],[-112.947,38.358],[-112.96100000000001,38.331],[-112.87700000000001,38.328],[-112.87900000000002,38.324],[-113.00999999999999,38.331],[-112.89100000000002,38.319],[-112.917,38.338],[-112.93200000000002,38.333],[-112.84800000000001,38.33],[-112.94,38.326],[-112.93799999999999,38.325],[-112.99000000000001,38.344],[-112.95499999999998,38.341],[-112.97,38.32],[-112.959,38.348],[-112.947,38.342],[-112.95999999999998,38.322],[-112.93299999999999,38.319],[-112.97399999999999,38.318],[-112.94999999999999,38.318],[-112.94900000000001,38.325],[-112.987,38.314],[-112.951,38.3],[-112.936,38.321],[-112.94400000000002,38.325],[-113.005,38.321],[-112.94999999999999,38.319],[-112.947,38.304],[-112.946,38.322],[-112.89600000000002,38.312],[-112.95600000000002,38.33],[-112.951,38.332],[-112.939,38.441],[-112.96199999999999,38.304],[-112.93799999999999,38.312],[-112.939,38.319],[-112.93700000000001,38.317],[-112.946,38.311],[-112.97,38.312],[-112.94200000000001,38.326],[-112.964,38.342],[-112.95600000000002,38.337],[-112.953,38.339],[-112.96699999999998,38.315],[-112.946,38.319],[-112.959,38.316],[-112.939,38.312],[-112.947,38.319],[-113.10899999999998,38.501],[-116.463,42.401],[-116.429,42.377],[-116.416,42.391],[-116.84899999999999,42.975],[-118.11599999999999,45.714],[-118.14100000000002,45.719],[-118.09899999999999,45.721],[-117.34100000000001,50.442],[-117.332,50.441],[-118.525,51.252],[-118.576,51.261],[-118.66300000000001,51.22],[-119.92599999999999,53.486],[-119.939,53.492],[-119.928,53.491],[-119.929,53.475],[-119.916,53.475],[-120.055,53.465],[-120.756,53.425],[-120.66399999999999,52.918],[-120.61599999999999,52.894],[-120.606,52.914],[-117.61000000000001,49.923],[-114.01499999999999,49.251],[-114.013,49.248],[-113.20400000000001,48.826],[-113.36599999999999,48.864],[-113.31299999999999,48.828],[-113.263,48.941],[-113.13299999999998,48.356],[-112.17599999999999,49.206],[-112.21699999999998,49.203],[-112.112,49.216],[-112.203,49.202],[-109.882,51.216],[-109.887,51.212],[-109.81,51.193],[-109.839,51.218],[-110.50299999999999,50.543],[-110.387,50.639],[-109.512,49.903],[-109.549,49.897],[-109.50200000000001,49.906],[-109.512,49.887],[-109.441,49.822],[-109.47300000000001,49.798],[-109.50400000000002,49.737],[-109.45600000000002,49.831],[-109.63,49.863],[-109.619,49.965],[-110.541,50.205],[-110.71199999999999,50.215],[-109.50299999999999,50.027],[-109.523,50.036],[-109.547,50.032],[-109.51600000000002,50.027],[-109.49700000000001,49.988],[-109.505,49.984],[-109.596,50.007],[-109.505,49.986],[-109.56700000000001,49.876],[-109.51999999999998,49.871],[-109.542,49.888],[-109.518,49.866],[-109.542,49.863],[-109.47399999999999,49.954],[-109.511,49.942],[-109.47,49.95],[-109.44299999999998,49.944],[-109.49799999999999,49.946],[-109.57299999999998,49.845],[-109.59199999999998,49.867],[-109.566,49.858]]},"properties":{"id":"37433a","sex":"m","lifeStage":"HY","site":"Goshute Mountains, NV","start":"2002-10-15 07:40:00.000","end":"2003-08-27 15:31:03.000","n":251,"sensor":"argos"}},{"type":"Feature","geometry":{"type":"Point","coordinates":[-114.27100000000002,40.424]},"properties":{"id":"37433a","kind":"start","t":"2002-10-15 07:40:00.000"}},{"type":"Feature","geometry":{"type":"Point","coordinates":[-109.566,49.858]},"properties":{"id":"37433a","kind":"end","t":"2003-08-27 15:31:03.000"}},{"type":"Feature","geometry":{"type":"LineString","coordinates":[[-110.589,42.025],[-110.576,42.059],[-110.59100000000001,42.082],[-110.59800000000001,42.084],[-110.588,42.241],[-109.572,41.735],[-109.548,41.72],[-109.56,41.725],[-109.59,41.744],[-109.536,41.714],[-109.613,41.687],[-109.631,41.689],[-109.62200000000001,41.686],[-109.602,41.667],[-109.601,41.687],[-109.595,41.685],[-109.607,41.764],[-109.607,41.765],[-109.59300000000002,41.779],[-109.618,41.774],[-109.607,41.77],[-109.60899999999998,41.768],[-109.606,41.766],[-109.684,41.774],[-109.685,41.774],[-109.685,41.772],[-109.68299999999999,41.774],[-109.685,41.774],[-109.69799999999998,41.818],[-109.69999999999999,41.82],[-109.695,41.831],[-109.696,41.82],[-109.542,41.877],[-109.445,41.905],[-109.57900000000001,41.895],[-109.57900000000001,41.917],[-109.63999999999999,41.904],[-108.94900000000001,41.973],[-109.04399999999998,42.013],[-108.918,41.932],[-108.92099999999999,41.937],[-108.892,41.888],[-108.834,41.833],[-108.88499999999999,41.8],[-108.89100000000002,41.806],[-108.726,41.567],[-108.725,41.565],[-108.72199999999998,41.565],[-108.713,41.511],[-108.71199999999999,41.492],[-108.678,41.496],[-108.689,41.516],[-108.715,41.569],[-108.745,41.543],[-108.84699999999998,41.543],[-108.732,41.535],[-108.71199999999999,41.536],[-108.453,41.5],[-108.44400000000002,41.491],[-108.447,41.49],[-108.45600000000002,41.497],[-108.453,41.494],[-108.48399999999998,41.607],[-108.49099999999999,41.605],[-108.487,41.606],[-108.517,41.602],[-108.49599999999998,41.56],[-108.487,41.552],[-108.47300000000001,41.557],[-108.51600000000002,41.552],[-108.54000000000002,41.59],[-108.566,41.594],[-108.506,41.551],[-108.517,41.578],[-108.565,41.594],[-108.59899999999999,41.589],[-108.566,41.587],[-108.451,41.566],[-108.47199999999998,41.559],[-108.524,41.516],[-108.47899999999998,41.545],[-108.446,41.577],[-108.452,41.555],[-108.61700000000002,41.493],[-108.549,41.535],[-108.537,41.539],[-108.56700000000001,41.534],[-108.55599999999998,41.533],[-108.55000000000001,41.534],[-108.46100000000001,41.445],[-108.44900000000001,41.441],[-108.36599999999999,41.429],[-108.41300000000001,41.447],[-108.445,41.439],[-108.451,41.434],[-108.44400000000002,41.441],[-108.53,41.449],[-108.44299999999998,41.439],[-108.39600000000002,41.418],[-108.406,41.427],[-108.445,41.42],[-108.42099999999999,41.4],[-108.46699999999998,41.415],[-108.47,41.415],[-108.42500000000001,41.428],[-108.346,41.438],[-108.382,41.51],[-108.41300000000001,41.481],[-108.40100000000001,41.497],[-108.243,41.485],[-108.358,41.468],[-108.42000000000002,41.514],[-108.42500000000001,41.506],[-108.453,41.539],[-108.459,41.512],[-108.40899999999999,41.506],[-108.47300000000001,41.542],[-108.45400000000001,41.52],[-108.47199999999998,41.546],[-108.47,41.548],[-108.47300000000001,41.589],[-108.47,41.547],[-108.44900000000001,41.491],[-108.445,41.493],[-108.44999999999999,41.494],[-108.43,41.487],[-108.46600000000001,41.499],[-108.42700000000002,41.494],[-108.47,41.478],[-108.45999999999998,41.504],[-108.50799999999998,41.549],[-108.477,41.499],[-108.464,41.501],[-108.523,41.498],[-108.553,41.561],[-108.54500000000002,41.524],[-108.648,41.526],[-108.523,41.548],[-108.51400000000001,41.555],[-108.523,41.554],[-108.50200000000001,41.55],[-108.55700000000002,41.548],[-108.46600000000001,41.582],[-108.55799999999999,41.567],[-108.55000000000001,41.562],[-108.517,41.602],[-108.559,41.575],[-108.57900000000001,41.58],[-108.55000000000001,41.563],[-108.56900000000002,41.564],[-108.50400000000002,41.551],[-108.483,41.578],[-108.54000000000002,41.593],[-108.576,41.577],[-108.561,41.651],[-108.561,41.587],[-108.525,41.621],[-108.572,41.588],[-108.60500000000002,41.589],[-108.59300000000002,41.583],[-108.54599999999999,41.618],[-108.53800000000001,41.616],[-108.458,41.618],[-108.523,41.653],[-108.541,41.612],[-108.54399999999998,41.62],[-108.54000000000002,41.616],[-108.541,41.617],[-108.58699999999999,41.589],[-108.55700000000002,41.627],[-108.513,41.598],[-108.51999999999998,41.602],[-108.51400000000001,41.62],[-108.571,41.667],[-108.49799999999999,41.62],[-108.49099999999999,41.626],[-108.52699999999999,41.618],[-108.52600000000001,41.617],[-108.52199999999999,41.636],[-108.50999999999999,41.626],[-108.559,41.622],[-108.536,41.615],[-108.571,41.607],[-108.52600000000001,41.618],[-108.529,41.618],[-108.525,41.615],[-108.53300000000002,41.618],[-108.52800000000002,41.617],[-108.52699999999999,41.616],[-108.531,41.617],[-108.53,41.615],[-108.543,41.62],[-108.524,41.616],[-108.531,41.617],[-108.542,41.621],[-108.53300000000002,41.616],[-108.525,41.618],[-108.53399999999999,41.614],[-108.53,41.615],[-108.52699999999999,41.617],[-108.524,41.618],[-108.531,41.616],[-108.51600000000002,41.616],[-108.52199999999999,41.616],[-108.52600000000001,41.616],[-108.523,41.618],[-109.269,41.588],[-109.26600000000002,41.586],[-109.291,41.6],[-109.268,41.587],[-109.25999999999999,41.587],[-111.857,40.727],[-111.86500000000001,40.723]]},"properties":{"id":"26353d","sex":"f","lifeStage":"SY","site":"Commissary Ridge, WY","start":"2007-10-29 07:30:00.000","end":"2008-02-27 23:47:04.000","n":213,"sensor":"argos"}},{"type":"Feature","geometry":{"type":"Point","coordinates":[-110.589,42.025]},"properties":{"id":"26353d","kind":"start","t":"2007-10-29 07:30:00.000"}},{"type":"Feature","geometry":{"type":"Point","coordinates":[-111.86500000000001,40.723]},"properties":{"id":"26353d","kind":"end","t":"2008-02-27 23:47:04.000"}},{"type":"Feature","geometry":{"type":"LineString","coordinates":[[-114.27100000000002,40.424],[-114.27800000000002,40.364],[-114.202,40.341],[-114.249,40.334],[-114.35899999999998,40.307],[-114.245,40.318],[-114.305,40.351],[-113.93,38.864],[-113.96800000000002,38.872],[-113.96600000000001,38.858],[-113.92500000000001,38.86],[-113.83499999999998,38.132],[-113.80099999999999,38.125],[-113.71199999999999,38.091],[-113.82900000000001,38.174],[-111.78399999999999,35.276],[-111.46800000000002,34.862],[-111.262,34.802],[-111.15199999999999,34.613],[-111.214,34.529],[-109.16899999999998,33.018],[-109.17700000000002,33.005],[-109.202,32.996],[-109.24099999999999,33.002],[-109.195,33.003],[-109.215,33.016],[-109.17700000000002,33.011],[-107.977,31.568],[-107.912,31.563],[-109.273,31.849],[-109.263,31.842],[-109.221,31.861],[-109.29399999999998,31.822],[-109.15199999999999,31.82],[-111.452,31.467],[-111.28199999999998,31.474],[-108.54599999999999,30.659],[-108.53800000000001,30.678],[-108.553,30.678],[-108.542,30.674],[-108.58100000000002,30.669],[-108.561,30.682],[-108.547,30.67],[-107.189,30.347],[-107.231,30.347],[-107.207,30.341],[-107.14100000000002,30.337],[-107.231,32.181],[-107.24799999999999,32.196],[-107.439,32.226],[-107.209,32.178],[-107.28300000000002,32.176],[-107.191,32.185],[-107.44799999999998,32.971],[-107.673,33.027],[-107.695,33.008],[-107.702,33.006],[-107.66500000000002,33.004],[-107.715,33.016],[-107.72899999999998,33.015],[-107.674,33.027],[-107.59699999999998,33.005],[-107.64699999999999,33.007],[-107.541,33.009],[-107.588,33.043],[-107.57299999999998,33.017],[-107.507,33.017],[-107.513,33.015],[-107.51600000000002,32.984],[-107.53399999999999,33.016],[-107.488,33.036],[-108.57999999999998,32.319],[-108.57999999999998,32.234],[-108.594,32.32],[-108.54500000000002,32.706],[-108.13,32.506],[-108.143,32.49],[-108.06799999999998,32.522],[-108.11099999999999,32.508],[-108.11599999999999,32.492],[-108.096,32.499],[-108.138,32.309],[-108.132,32.297],[-108.17700000000002,32.305],[-108.15199999999999,32.3],[-108.065,32.439],[-108.08100000000002,32.44],[-108.101,32.465],[-108.072,32.42],[-108.096,32.431],[-108.037,32.475],[-107.995,32.477],[-108.03399999999999,32.483],[-108.04500000000002,32.539],[-108.082,32.484],[-108.04500000000002,32.487],[-108.05200000000002,32.494],[-108.00799999999998,32.431],[-108.049,32.423],[-108.053,32.424],[-108.03300000000002,32.428],[-108.036,32.429],[-108.048,32.422],[-108.03800000000001,32.437],[-108.023,32.43],[-108.03399999999999,32.434],[-107.975,32.364],[-107.97199999999998,32.367],[-108.03899999999999,32.325],[-107.96199999999999,32.368],[-107.96800000000002,32.369],[-107.97800000000001,32.362],[-107.976,32.366],[-107.97,32.369],[-107.93,32.368],[-107.049,32.301],[-107.047,32.302],[-107.06200000000001,32.307],[-107.02800000000002,32.309],[-107.07,32.294],[-106.84699999999998,32.24],[-106.886,32.245],[-107.239,32.288],[-107.17700000000002,32.243],[-107.243,32.251],[-107.245,32.178],[-107.38499999999999,32.274],[-107.404,32.276],[-107.37799999999999,32.287],[-107.382,32.283],[-107.382,32.283],[-107.37299999999999,32.278],[-107.314,32.29],[-107.299,32.281],[-107.30799999999999,32.289],[-107.311,32.287],[-107.292,32.285],[-107.30700000000002,32.289],[-107.297,32.283],[-107.32499999999999,32.287],[-107.309,32.299],[-107.32,32.293],[-107.31700000000001,32.298],[-107.32,32.296],[-107.333,32.224],[-107.34,32.228],[-107.311,32.231],[-107.352,32.227],[-107.40100000000001,32.214],[-107.32900000000001,32.224],[-107.327,32.228],[-107.34800000000001,32.232],[-107.333,32.225],[-107.36099999999999,32.231],[-107.351,32.229],[-107.32900000000001,32.238],[-107.33499999999998,32.227],[-107.333,32.231],[-107.35,32.224],[-107.34800000000001,32.224],[-107.33100000000002,32.228],[-107.40100000000001,32.212],[-107.315,32.232],[-107.37200000000001,32.234],[-107.346,32.228],[-107.332,32.23],[-107.34199999999998,32.226],[-107.24700000000001,32.203],[-107.334,32.224],[-107.357,32.23],[-107.32900000000001,32.229],[-107.34699999999998,32.224],[-107.36099999999999,32.237],[-107.34800000000001,32.216],[-107.33100000000002,32.227],[-107.34800000000001,32.224],[-107.31200000000001,32.233],[-107.33600000000001,32.228],[-107.321,32.21],[-107.33499999999998,32.22],[-107.24099999999999,32.247],[-107.326,32.229]]},"properties":{"id":"37301a","sex":"m","lifeStage":"HY","site":"Goshute Mountains, NV","start":"2002-10-13 11:15:00.000","end":"2003-02-01 06:07:14.000","n":182,"sensor":"argos"}},{"type":"Feature","geometry":{"type":"Point","coordinates":[-114.27100000000002,40.424]},"properties":{"id":"37301a","kind":"start","t":"2002-10-13 11:15:00.000"}},{"type":"Feature","geometry":{"type":"Point","coordinates":[-107.326,32.229]},"properties":{"id":"37301a","kind":"end","t":"2003-02-01 06:07:14.000"}},{"type":"Feature","geometry":{"type":"LineString","coordinates":[[-114.27100000000002,40.424],[-114.25799999999998,40.39],[-114.286,40.385],[-114.297,40.383],[-114.88,39.707],[-114.869,39.706],[-114.90199999999999,39.734],[-114.63499999999999,39.444],[-114.606,39.454],[-114.596,39.205],[-114.62099999999998,39.253],[-114.62700000000001,39.255],[-114.756,38.649],[-114.607,39.287],[-114.576,39.421],[-114.53300000000002,39.335],[-114.64699999999999,39.302],[-114.607,39.313],[-114.637,39.304],[-114.66899999999998,39.3],[-114.6,39.303],[-114.60899999999998,39.299],[-114.607,39.298],[-115.01600000000002,39.415],[-115.007,39.412],[-115.006,39.401],[-116.67700000000002,38.769],[-116.62700000000001,38.769],[-116.672,38.753],[-115.84199999999998,39.549],[-115.834,39.536],[-115.832,39.567],[-115.96600000000001,39.507],[-115.816,39.562],[-115.845,39.565],[-115.84899999999999,39.568],[-115.838,39.561],[-115.844,39.558],[-114.638,39.324],[-114.672,39.319],[-114.684,39.323],[-114.632,39.558],[-114.689,39.608],[-114.59899999999999,39.313],[-114.582,39.32],[-114.55000000000001,39.242],[-114.553,39.242],[-114.56299999999999,39.244],[-114.63299999999998,39.609],[-114.673,39.541],[-114.67099999999999,39.536],[-114.714,39.529],[-114.69200000000001,39.534],[-114.72800000000001,39.543],[-114.703,39.536],[-114.77199999999999,39.708],[-114.751,39.705],[-114.816,39.649],[-114.744,39.69],[-114.779,39.703],[-114.68099999999998,39.369],[-114.767,39.314],[-114.70400000000001,39.117],[-114.714,39.135],[-114.708,39.134],[-114.695,39.146],[-114.71199999999999,39.138],[-114.71100000000001,39.14],[-114.68299999999999,39.134],[-114.721,39.138],[-114.686,39.132],[-114.70400000000001,39.139],[-114.684,39.124],[-114.69200000000001,39.119],[-114.67700000000002,39.116],[-114.691,39.124],[-114.701,39.14],[-114.75400000000002,39.153],[-114.72300000000001,39.078],[-114.72199999999998,39.149],[-114.51999999999998,39.274],[-114.68,39.267],[-114.59100000000001,39.115],[-114.64699999999999,39.288],[-114.595,39.29],[-114.606,39.627],[-114.596,39.631],[-114.66899999999998,39.624],[-114.61099999999999,39.639],[-114.446,39.577],[-114.72199999999998,39.545],[-114.68700000000001,39.518],[-114.68700000000001,39.512],[-114.69,39.518],[-114.697,39.521],[-114.644,39.498],[-114.71600000000001,39.515],[-114.71800000000002,39.51],[-114.743,39.538],[-114.662,39.547],[-114.726,39.488],[-114.649,39.536],[-114.70600000000002,39.531],[-114.702,39.525],[-114.714,39.541],[-114.482,39.736],[-114.531,39.709],[-114.46699999999998,39.775],[-114.493,39.7],[-114.439,39.747],[-114.476,39.698],[-114.73599999999999,39.457],[-115.32900000000001,39.783],[-115.275,39.768],[-115.28399999999999,39.774],[-115.292,39.765],[-115.285,39.756],[-115.27199999999999,39.771],[-115.27199999999999,39.766],[-115.279,39.77],[-115.257,39.775],[-115.293,39.774],[-115.27199999999999,39.77],[-115.24799999999999,39.76],[-115.279,39.77],[-115.28,39.774],[-115.298,39.77],[-115.257,39.763],[-115.25900000000001,39.769],[-114.702,39.522],[-114.93200000000002,37.86],[-114.94200000000001,37.874],[-115.89100000000002,38.482],[-115.86700000000002,38.487],[-115.851,38.482],[-115.65899999999999,39.644],[-115.88999999999999,39.68],[-115.547,39.544],[-115.457,39.587],[-115.517,39.563],[-115.51600000000002,39.562],[-115.541,39.55],[-115.555,39.629],[-115.517,39.54],[-115.50799999999998,39.568],[-115.50900000000001,39.562],[-115.535,39.569],[-115.531,39.562],[-115.566,39.58],[-115.548,39.568],[-115.48399999999998,39.563],[-115.51600000000002,39.554],[-115.53199999999998,39.583],[-115.518,39.545],[-115.607,39.657],[-115.60300000000001,39.659],[-115.53399999999999,39.605],[-115.57499999999999,39.627],[-115.589,39.615],[-115.564,39.615],[-115.553,39.553],[-115.576,39.556],[-115.631,39.618],[-115.583,39.731],[-115.631,39.715],[-115.59,39.722],[-115.548,39.561],[-115.55599999999998,39.565],[-115.78899999999999,39.542],[-115.75200000000001,39.538],[-115.822,39.551],[-115.274,39.503],[-115.696,39.903],[-115.70400000000001,39.901],[-115.69400000000002,39.907],[-115.69799999999998,39.911],[-114.46800000000002,39.719],[-114.52100000000002,39.746],[-114.523,39.749],[-114.54599999999999,39.751],[-114.52800000000002,39.715],[-114.513,39.737],[-115.517,40.221],[-115.50900000000001,40.251],[-115.594,40.114],[-115.58499999999998,40.084],[-115.58600000000001,40.11],[-115.61000000000001,40.194],[-115.626,40.188],[-115.64699999999999,40.192],[-115.636,40.23],[-115.667,40.231],[-115.80700000000002,39.54],[-115.941,39.523],[-115.89699999999999,39.549],[-115.49799999999999,39.559],[-115.49200000000002,39.57],[-115.822,39.943],[-115.76400000000001,39.926],[-115.68700000000001,39.927],[-115.77600000000001,39.95],[-115.73500000000001,39.92],[-115.64499999999998,40.161],[-115.684,40.052],[-115.73399999999998,39.926],[-114.685,39.617],[-114.691,39.629],[-114.703,39.613],[-114.713,39.6],[-115.75200000000001,40.066],[-115.757,40.066],[-115.642,40.378],[-115.63,40.376],[-115.62299999999999,40.374],[-115.644,40.416],[-117.92700000000002,41.557],[-117.668,41.789],[-117.697,41.86],[-117.80200000000002,41.609],[-117.857,42.165],[-117.935,42.203],[-117.191,43.051],[-117.17700000000002,43.048],[-117.161,43.042],[-117.149,43.051],[-117.162,43.069],[-117.22300000000001,43.042],[-117.243,43.037],[-117.273,42.92],[-117.131,43.021],[-117.19999999999999,43.033],[-117.154,43.044],[-117.189,43.017],[-117.173,43.03],[-117.25200000000001,42.989],[-117.239,42.982],[-117.287,42.989],[-117.23500000000001,43.006],[-117.33600000000001,42.956],[-117.16,42.971],[-117.25799999999998,42.986],[-117.262,42.99],[-117.263,42.986],[-118.84699999999998,45.111],[-118.868,45.108],[-118.838,45.104],[-118.84800000000001,45.106],[-115.32400000000001,41.927],[-115.35399999999998,41.893],[-115.27199999999999,41.855],[-115.38499999999999,41.921]]},"properties":{"id":"20948b","sex":"f","lifeStage":"HY","site":"Goshute Mountains, NV","start":"2001-09-24 10:14:00.000","end":"2002-06-20 01:46:33.000","n":251,"sensor":"argos"}},{"type":"Feature","geometry":{"type":"Point","coordinates":[-114.27100000000002,40.424]},"properties":{"id":"20948b","kind":"start","t":"2001-09-24 10:14:00.000"}},{"type":"Feature","geometry":{"type":"Point","coordinates":[-115.38499999999999,41.921]},"properties":{"id":"20948b","kind":"end","t":"2002-06-20 01:46:33.000"}},{"type":"Feature","geometry":{"type":"LineString","coordinates":[[-110.589,42.025],[-110.612,42.01],[-110.58499999999998,42.012],[-110.41300000000001,42.064],[-110.471,42.049],[-110.292,41.589],[-110.285,41.608],[-110.31200000000001,41.802],[-110.30000000000001,41.791],[-110.279,41.662],[-110.32499999999999,41.677],[-110.31700000000001,41.652],[-110.25200000000001,41.7],[-110.417,41.966],[-110.43299999999999,41.948],[-110.72800000000001,41.926],[-110.66899999999998,41.74],[-110.47800000000001,41.47],[-110.501,41.48],[-110.362,41.622],[-110.42599999999999,41.561],[-110.49099999999999,41.571],[-110.493,41.565],[-110.507,41.611],[-110.49700000000001,41.587],[-110.38499999999999,41.551],[-110.40699999999998,41.597],[-110.346,41.593],[-110.37700000000001,41.58],[-110.37700000000001,41.575],[-110.37900000000002,41.584],[-110.381,41.54],[-110.33499999999998,41.531],[-110.41399999999999,41.499],[-110.34800000000001,41.455],[-110.368,41.554],[-110.37099999999998,41.506],[-110.40899999999999,41.545],[-110.40899999999999,41.553],[-110.386,41.539],[-110.406,41.553],[-110.369,41.516],[-110.37799999999999,41.53],[-110.436,41.527],[-110.35899999999998,41.542],[-110.37,41.568],[-110.42700000000002,41.535],[-110.39100000000002,41.554],[-110.41300000000001,41.54],[-110.368,41.495],[-110.46100000000001,41.536],[-110.53399999999999,41.566],[-110.50200000000001,41.539],[-110.369,41.554],[-110.37200000000001,41.544],[-110.36599999999999,41.594],[-110.416,41.668],[-110.404,41.561],[-110.381,41.564],[-110.47,41.566],[-110.524,41.531],[-110.457,41.573],[-110.376,41.561],[-110.465,41.561],[-110.469,41.57],[-110.477,41.573],[-110.424,41.541],[-110.42700000000002,41.514],[-110.38299999999998,41.524],[-110.44999999999999,41.517],[-110.44900000000001,41.516],[-110.44,41.561],[-110.53300000000002,41.544],[-110.42500000000001,41.554],[-110.43200000000002,41.548],[-110.37900000000002,41.529],[-110.48399999999998,41.507],[-110.43099999999998,41.519],[-110.451,41.514],[-110.417,41.572],[-110.417,41.56],[-110.364,41.531],[-110.28,41.533],[-110.344,41.53],[-110.38400000000001,41.571],[-110.387,41.549],[-110.382,41.604],[-110.36500000000001,41.519],[-110.439,41.537],[-110.4,41.569],[-110.412,41.596],[-110.406,41.593],[-110.39499999999998,41.582],[-110.382,41.593],[-110.40800000000002,41.547],[-110.38900000000001,41.548],[-110.201,41.564],[-110.203,41.562],[-110.41300000000001,41.666],[-110.358,41.612],[-110.357,41.609],[-110.27100000000002,41.643],[-110.339,41.605],[-110.305,41.781],[-110.28199999999998,41.668],[-110.31200000000001,41.639],[-110.26999999999998,41.621],[-110.81200000000001,41.804],[-110.84300000000002,41.805],[-111.019,41.629],[-110.39100000000002,41.631],[-110.38299999999998,41.624],[-110.38499999999999,41.552],[-110.40100000000001,41.654],[-110.435,41.654],[-110.4,41.664],[-110.393,41.669],[-110.29599999999999,41.675],[-110.451,41.571],[-110.38,41.575],[-110.346,41.655],[-110.434,41.672],[-110.40100000000001,41.556],[-110.42500000000001,41.563],[-110.399,41.549],[-110.43099999999998,41.545],[-110.439,41.552],[-110.46800000000002,41.548],[-110.46600000000001,41.624],[-110.352,41.501],[-110.4,41.534],[-110.42500000000001,41.551],[-110.19799999999998,41.562],[-110.21199999999999,41.556],[-110.458,41.887],[-110.476,41.893],[-110.47899999999998,41.897],[-110.507,41.886],[-110.48599999999999,41.889],[-110.15100000000001,41.66],[-110.113,41.653],[-110.17700000000002,41.652],[-110.161,41.636],[-110.16399999999999,41.654],[-110.083,41.665],[-109.94200000000001,41.594],[-109.995,41.611],[-110.58100000000002,42.102],[-110.42000000000002,41.624],[-110.351,41.632],[-110.38999999999999,41.624],[-110.394,41.612],[-110.38,41.633],[-110.406,41.613],[-110.416,41.486],[-110.43099999999998,41.6],[-110.41300000000001,41.585],[-110.405,41.608],[-110.40199999999999,41.592],[-110.36000000000001,41.59],[-110.34899999999999,41.63],[-110.36700000000002,41.619],[-110.42000000000002,41.578],[-110.422,41.541],[-110.37799999999999,41.58],[-110.41500000000002,41.595],[-110.25400000000002,41.577],[-110.386,41.569],[-110.535,41.613],[-110.43200000000002,41.561],[-110.45499999999998,41.552],[-110.44400000000002,41.555],[-110.439,41.553],[-110.47199999999998,41.584],[-110.428,41.583],[-110.418,41.552],[-110.422,41.536],[-110.43200000000002,41.545],[-110.44,41.532],[-110.43200000000002,41.556],[-110.5,41.591],[-110.42700000000002,41.549],[-110.42700000000002,41.553],[-110.49700000000001,41.562],[-110.422,41.557],[-110.542,41.546],[-110.446,41.556],[-110.50999999999999,41.535],[-110.43700000000001,41.55],[-110.36099999999999,41.534],[-110.37799999999999,41.516],[-110.38,41.515],[-110.436,41.584],[-110.53300000000002,41.499],[-110.285,41.591],[-110.34,41.569],[-110.29399999999998,41.561],[-110.32400000000001,41.577],[-110.394,41.729],[-110.40800000000002,41.675],[-110.35899999999998,41.632],[-110.244,41.619],[-110.369,41.508],[-110.346,41.537],[-110.406,41.548],[-110.34800000000001,41.567],[-110.35399999999998,41.525],[-110.44400000000002,41.615],[-110.35300000000001,41.579],[-110.39600000000002,41.611],[-110.364,41.522],[-110.26600000000002,41.479],[-110.41300000000001,41.527],[-110.41899999999998,41.513],[-110.232,41.549],[-110.34699999999998,41.573],[-110.34899999999999,41.588],[-121.589,45.288],[-110.299,41.563],[-110.303,41.637],[-110.287,41.664],[-110.29399999999998,41.66],[-110.334,41.596],[-110.344,41.602],[-110.37799999999999,41.538],[-110.34,41.565],[-110.394,41.58],[-110.25799999999998,41.615],[-110.20400000000001,41.543],[-110.21800000000002,41.552],[-109.863,41.396],[-109.886,41.4],[-109.91500000000002,41.349],[-109.947,41.282],[-109.90800000000002,41.4],[-109.97,41.4],[-109.87099999999998,41.411],[-109.78199999999998,41.402],[-109.816,41.434],[-109.79500000000002,41.422],[-109.78899999999999,41.423],[-109.80599999999998,41.413],[-109.84300000000002,41.424],[-109.78399999999999,41.489],[-109.85899999999998,41.44],[-109.77199999999999,41.421],[-109.80099999999999,41.459],[-109.74599999999998,41.44],[-109.805,41.454],[-109.74599999999998,41.463],[-109.762,41.42]]},"properties":{"id":"21168b","sex":"m","lifeStage":"HY","site":"Commissary Ridge, WY","start":"2004-10-08 10:10:00.000","end":"2006-01-05 18:02:48.000","n":251,"sensor":"argos"}},{"type":"Feature","geometry":{"type":"Point","coordinates":[-110.589,42.025]},"properties":{"id":"21168b","kind":"start","t":"2004-10-08 10:10:00.000"}},{"type":"Feature","geometry":{"type":"Point","coordinates":[-109.762,41.42]},"properties":{"id":"21168b","kind":"end","t":"2006-01-05 18:02:48.000"}},{"type":"Feature","geometry":{"type":"LineString","coordinates":[[-106.411,34.704],[-106.42599999999999,34.69],[-106.40699999999998,34.688],[-106.47899999999998,34.662],[-106.416,34.693],[-108.24099999999999,34.515],[-108.23599999999999,34.519],[-108.22899999999998,34.502],[-108.22,34.512],[-108.667,34.748],[-108.666,34.663],[-108.667,34.657],[-108.65800000000002,34.68],[-108.674,34.666],[-108.64699999999999,34.698],[-108.649,34.691],[-108.643,34.665],[-108.547,34.684],[-108.79000000000002,34.73],[-108.804,34.688],[-108.6,34.682],[-108.58699999999999,34.688],[-108.561,34.691],[-108.60399999999998,34.689],[-108.596,34.68],[-108.58600000000001,34.685],[-108.588,34.702],[-109.24000000000001,35.403],[-109.245,35.419],[-109.28,35.461],[-108.93,34.637],[-108.93099999999998,34.694],[-108.93200000000002,34.665],[-108.88299999999998,34.693],[-108.565,34.71],[-108.608,34.723],[-108.589,34.708],[-108.57,34.678],[-108.60500000000002,34.7],[-108.57400000000001,34.709],[-108.555,34.615],[-108.588,34.615],[-108.644,34.683],[-108.57400000000001,34.688],[-108.607,34.672],[-108.61700000000002,34.675],[-108.63,34.682],[-108.702,34.664],[-108.61000000000001,34.679],[-108.564,34.677],[-108.65,34.775],[-108.667,34.825],[-108.48000000000002,34.712],[-108.422,34.712],[-108.60500000000002,34.786],[-108.58699999999999,34.782],[-108.59100000000001,34.789],[-108.596,34.762],[-108.59100000000001,34.789],[-108.59199999999998,34.788],[-108.65199999999999,34.363],[-108.63999999999999,34.372],[-108.655,34.368],[-108.535,34.554],[-108.565,34.538],[-108.559,34.553],[-108.571,34.552],[-108.56,34.549],[-108.54399999999998,34.551],[-108.60899999999998,34.515],[-108.56299999999999,34.544],[-108.59100000000001,34.54],[-108.84300000000002,34.705],[-108.939,34.682],[-108.929,34.681],[-108.928,34.687],[-108.929,34.69],[-108.90800000000002,34.64],[-108.92700000000002,34.691],[-108.93099999999998,34.692],[-108.535,34.578],[-108.53,34.579],[-108.555,34.579],[-108.52199999999999,34.56],[-108.56200000000001,34.584],[-108.549,34.574],[-108.54599999999999,34.568],[-108.542,34.567],[-108.524,34.568],[-108.65800000000002,34.532],[-108.62200000000001,34.46],[-108.686,34.399],[-108.74000000000001,34.375],[-108.50999999999999,34.593],[-108.55200000000002,34.561],[-108.512,34.564],[-108.49799999999999,34.577],[-108.51499999999999,34.574],[-108.517,34.579],[-108.703,34.43],[-108.69999999999999,34.43],[-108.71100000000001,34.432],[-108.70400000000001,34.457],[-108.70600000000002,34.435],[-108.71100000000001,34.433],[-108.79599999999999,34.442],[-108.738,34.434],[-108.695,34.468],[-108.61099999999999,34.444],[-108.60899999999998,34.395],[-108.643,34.5],[-108.66,34.475],[-108.686,34.451],[-108.69900000000001,34.457],[-108.731,34.447],[-108.774,34.412],[-108.707,34.407],[-108.713,34.412],[-108.725,34.412],[-108.72,34.418],[-108.70499999999998,34.399],[-108.781,34.382],[-108.69900000000001,34.412],[-108.612,34.541],[-108.61599999999999,34.542],[-108.612,34.543],[-108.61000000000001,34.542],[-108.61700000000002,34.535],[-108.596,34.55],[-108.601,34.534],[-108.60500000000002,34.534],[-108.59899999999999,34.572],[-108.572,34.519],[-108.565,34.548],[-108.535,34.521],[-108.531,34.52],[-108.52699999999999,34.528],[-108.52100000000002,34.526],[-108.543,34.492],[-108.524,34.525],[-108.46699999999998,34.545],[-108.52699999999999,34.513],[-108.50900000000001,34.517],[-108.59199999999998,34.394],[-108.559,34.392],[-108.56200000000001,34.394],[-108.60300000000001,34.408],[-108.59300000000002,34.407],[-108.589,34.412],[-108.42599999999999,34.543],[-108.50999999999999,34.519],[-108.50799999999998,34.54],[-108.542,34.541],[-108.59199999999998,34.421],[-108.606,34.421],[-108.696,34.387],[-108.58100000000002,34.426],[-108.59199999999998,34.434],[-108.55200000000002,34.401],[-108.66300000000001,34.453],[-108.654,34.468],[-108.66,34.437],[-108.64499999999998,34.453],[-108.661,34.452],[-108.69799999999998,34.485],[-108.63299999999998,34.442],[-108.644,34.456],[-108.668,34.455],[-108.662,34.472],[-108.499,34.515],[-108.49099999999999,34.466],[-108.52699999999999,34.531],[-108.55200000000002,34.545],[-108.58699999999999,34.572]]},"properties":{"id":"26353b","sex":"m","lifeStage":"HY","site":"Manzano Mountains, NM","start":"2001-10-04 12:30:00.000","end":"2002-01-05 22:20:24.000","n":174,"sensor":"argos"}},{"type":"Feature","geometry":{"type":"Point","coordinates":[-106.411,34.704]},"properties":{"id":"26353b","kind":"start","t":"2001-10-04 12:30:00.000"}},{"type":"Feature","geometry":{"type":"Point","coordinates":[-108.58699999999999,34.572]},"properties":{"id":"26353b","kind":"end","t":"2002-01-05 22:20:24.000"}},{"type":"Feature","geometry":{"type":"LineString","coordinates":[[-106.411,34.704],[-106.399,34.699],[-106.428,34.696],[-106.41500000000002,34.708],[-106.386,34.716],[-106.327,34.75],[-106.32299999999998,34.757],[-106.327,34.747],[-105.97,34.821],[-106.025,34.846],[-106.00900000000001,34.829],[-105.97800000000001,34.832],[-105.983,34.882],[-105.928,34.836],[-106.005,34.889],[-105.99099999999999,34.888],[-105.971,34.884],[-105.989,34.882],[-106.06,34.903],[-106.05099999999999,34.859],[-105.988,34.872],[-105.95400000000001,34.886],[-105.993,34.881],[-105.952,34.91],[-105.929,34.919],[-105.96800000000002,34.882],[-105.96100000000001,34.923],[-105.975,34.947],[-105.987,34.951],[-105.983,34.951],[-105.94299999999998,34.942],[-105.868,34.939],[-105.874,34.955],[-105.88499999999999,34.954],[-105.88,34.819],[-105.90100000000001,34.788],[-105.929,34.807],[-105.845,34.803],[-106.001,34.764],[-105.947,34.801],[-105.893,34.796],[-105.88,35.102],[-105.83499999999998,35.103],[-105.869,35.117],[-105.84100000000001,35.109],[-105.83600000000001,35.108],[-105.82900000000001,34.982],[-105.846,34.972],[-105.85500000000002,34.967],[-105.814,34.988],[-105.84,34.978],[-105.844,34.981],[-105.839,34.978],[-105.84899999999999,34.981],[-105.83499999999998,34.972],[-105.828,34.986],[-105.839,34.986],[-105.917,34.993],[-105.845,34.988],[-105.83699999999999,34.985],[-105.91399999999999,34.964],[-105.77100000000002,34.949],[-105.814,34.993],[-105.82,34.997],[-105.838,34.981],[-105.839,34.982],[-105.672,34.838],[-105.594,34.778],[-105.674,34.824],[-105.672,34.819],[-105.661,34.822],[-105.64499999999998,34.808],[-105.689,34.786],[-105.689,34.785],[-105.63400000000001,34.662],[-105.685,34.676],[-105.727,34.668],[-105.686,34.683],[-105.65300000000002,34.641],[-105.76600000000002,34.658],[-105.71600000000001,34.697],[-105.792,34.767],[-105.78199999999998,34.736],[-105.77800000000002,34.714],[-105.73399999999998,34.695],[-105.68299999999999,34.722],[-105.751,34.712],[-105.66899999999998,34.793],[-105.77699999999999,34.705],[-105.87799999999999,34.683],[-105.774,34.71],[-105.775,34.709],[-105.77100000000002,34.67],[-105.769,34.677],[-105.76999999999998,34.668],[-105.76600000000002,34.679],[-105.756,34.658],[-105.76600000000002,34.66],[-105.75900000000001,34.668],[-105.793,34.667],[-105.78399999999999,34.67],[-105.76999999999998,34.675],[-105.715,34.668],[-105.755,34.677],[-105.72300000000001,34.663],[-105.73500000000001,34.666],[-105.737,34.668],[-105.78399999999999,34.653],[-105.739,34.67],[-105.75900000000001,34.676],[-105.76999999999998,34.678],[-105.768,34.676],[-105.77199999999999,34.674],[-105.769,34.675],[-105.714,34.67],[-105.72,34.67],[-105.70400000000001,34.663],[-105.696,34.678],[-105.70600000000002,34.668],[-105.707,34.701],[-105.703,34.684],[-105.73500000000001,34.781],[-105.714,34.778],[-105.70999999999998,34.764],[-105.732,34.763],[-105.71199999999999,34.767],[-105.70999999999998,34.785],[-105.679,34.771],[-105.70600000000002,34.776],[-105.72899999999998,34.757],[-105.74200000000002,34.775],[-105.757,34.774],[-105.737,34.764],[-105.66399999999999,34.795],[-105.744,34.77],[-105.73000000000002,34.745],[-105.74700000000001,34.741],[-105.71699999999998,34.768],[-105.743,34.752],[-105.733,34.745],[-105.73000000000002,34.749],[-105.76499999999999,34.747],[-105.81200000000001,34.709],[-105.767,34.76],[-105.76499999999999,34.753],[-105.76999999999998,34.767],[-105.75999999999999,34.756],[-105.755,34.754],[-105.75,34.757],[-105.739,34.763],[-105.708,34.766],[-105.71100000000001,34.773],[-105.66399999999999,34.755],[-105.715,34.776],[-105.786,34.754],[-105.77800000000002,34.752],[-105.77600000000001,34.753],[-105.75799999999998,34.714],[-105.774,34.748],[-105.763,34.781],[-105.767,34.768],[-105.78800000000001,34.747],[-105.767,34.773],[-105.737,34.787],[-105.78800000000001,34.766],[-105.815,34.764],[-105.81900000000002,34.75],[-105.69200000000001,34.822],[-105.75,34.841],[-105.66500000000002,34.807],[-105.63999999999999,34.788],[-105.612,34.768],[-105.69900000000001,34.819],[-105.696,34.808],[-105.779,34.889],[-105.731,34.819],[-105.684,34.841],[-105.709,34.83],[-105.763,34.893],[-105.793,34.896],[-105.773,34.895],[-105.775,34.887],[-105.76400000000001,34.898],[-105.78,34.895],[-105.75,34.9],[-105.755,34.889],[-105.834,34.909],[-105.894,34.891],[-105.87700000000001,34.891],[-105.887,34.899],[-105.876,34.871],[-105.88299999999998,34.888],[-105.864,34.869],[-105.90800000000002,34.878],[-105.90100000000001,34.88],[-105.91500000000002,34.92],[-105.89600000000002,34.889],[-105.90199999999999,34.857]]},"properties":{"id":"21839b","sex":"m","lifeStage":"SY","site":"Manzano Mountains, NM","start":"2004-10-15 09:56:00.000","end":"2005-02-11 19:43:31.000","n":198,"sensor":"argos"}},{"type":"Feature","geometry":{"type":"Point","coordinates":[-106.411,34.704]},"properties":{"id":"21839b","kind":"start","t":"2004-10-15 09:56:00.000"}},{"type":"Feature","geometry":{"type":"Point","coordinates":[-105.90199999999999,34.857]},"properties":{"id":"21839b","kind":"end","t":"2005-02-11 19:43:31.000"}}]}